onset	duration	trial_type	value	sample
6.132	0.0	T1	1	1533
6.232	0.0	T2	2	1558
6.332	0.0	T3	3	1583
6.432	0.0	T4	4	1608
6.532	0.0	T5	5	1633
6.632	0.0	T6	6	1658
6.732	0.0	T7	7	1683
6.832	0.0	T8	8	1708
6.932	0.0	T9	9	1733
7.032	0.0	T10	10	1758
7.132	0.0	T1	1	1783
7.232	0.0	T2	2	1808
7.332	0.0	T3	3	1833
7.432	0.0	T4	4	1858
7.532	0.0	T5	5	1883
7.632	0.0	T6	6	1908
7.732	0.0	T7	7	1933
7.832	0.0	T8	8	1958
7.932	0.0	T9	9	1983
8.032	0.0	T10	10	2008
8.132	0.0	T1	1	2033
8.232	0.0	T2	2	2058
8.332	0.0	T3	3	2083
8.432	0.0	T4	4	2108
8.532	0.0	T5	5	2133
8.632	0.0	T6	6	2158
8.732	0.0	T7	7	2183
8.832	0.0	T8	8	2208
8.932	0.0	T9	9	2233
9.032	0.0	T10	10	2258
9.132	0.0	T1	1	2283
9.232	0.0	T2	2	2308
9.332	0.0	T3	3	2333
9.432	0.0	T4	4	2358
9.532	0.0	T5	5	2383
9.632	0.0	T6	6	2408
9.732	0.0	T7	7	2433
9.832	0.0	T8	8	2458
9.932	0.0	T9	9	2483
10.032	0.0	T10	10	2508
10.132	0.0	T1	1	2533
10.232	0.0	T2	2	2558
10.332	0.0	T3	3	2583
10.432	0.0	T4	4	2608
10.532	0.0	T5	5	2633
10.632	0.0	T6	6	2658
10.732	0.0	T7	7	2683
10.832	0.0	T8	8	2708
10.932	0.0	T9	9	2733
11.032	0.0	T10	10	2758
11.132	0.0	T1	1	2783
11.232	0.0	T2	2	2808
11.332	0.0	T3	3	2833
11.432	0.0	T4	4	2858
11.532	0.0	T5	5	2883
11.632	0.0	T6	6	2908
11.732	0.0	T7	7	2933
11.832	0.0	T8	8	2958
11.932	0.0	T9	9	2983
12.032	0.0	T10	10	3008
12.132	0.0	T1	1	3033
12.232	0.0	T2	2	3058
12.332	0.0	T3	3	3083
12.432	0.0	T4	4	3108
12.532	0.0	T5	5	3133
12.632	0.0	T6	6	3158
12.732	0.0	T7	7	3183
12.832	0.0	T8	8	3208
12.932	0.0	T9	9	3233
13.032	0.0	T10	10	3258
13.132	0.0	T1	1	3283
13.232	0.0	T2	2	3308
13.332	0.0	T3	3	3333
13.432	0.0	T4	4	3358
13.532	0.0	T5	5	3383
13.632	0.0	T6	6	3408
13.732	0.0	T7	7	3433
13.832	0.0	T8	8	3458
13.932	0.0	T9	9	3483
14.032	0.0	T10	10	3508
14.132	0.0	T1	1	3533
14.232	0.0	T2	2	3558
14.332	0.0	T3	3	3583
14.432	0.0	T4	4	3608
14.532	0.0	T5	5	3633
14.632	0.0	T6	6	3658
14.732	0.0	T7	7	3683
14.832	0.0	T8	8	3708
14.932	0.0	T9	9	3733
15.032	0.0	T10	10	3758
15.132	0.0	T1	1	3783
15.232	0.0	T2	2	3808
15.332	0.0	T3	3	3833
15.432	0.0	T4	4	3858
15.532	0.0	T5	5	3883
15.632	0.0	T6	6	3908
15.732	0.0	T7	7	3933
15.832	0.0	T8	8	3958
15.932	0.0	T9	9	3983
16.032	0.0	T10	10	4008
16.132	0.0	T1	1	4033
16.232	0.0	T2	2	4058
16.332	0.0	T3	3	4083
16.432	0.0	T4	4	4108
16.532	0.0	T5	5	4133
16.632	0.0	T6	6	4158
16.732	0.0	T7	7	4183
16.832	0.0	T8	8	4208
16.932	0.0	T9	9	4233
17.032	0.0	T10	10	4258
17.132	0.0	T1	1	4283
17.232	0.0	T2	2	4308
17.332	0.0	T3	3	4333
17.432	0.0	T4	4	4358
17.532	0.0	T5	5	4383
17.632	0.0	T6	6	4408
17.732	0.0	T7	7	4433
17.832	0.0	T8	8	4458
17.932	0.0	T9	9	4483
18.032	0.0	T10	10	4508
18.132	0.0	T1	1	4533
18.232	0.0	T2	2	4558
18.332	0.0	T3	3	4583
18.432	0.0	T4	4	4608
18.532	0.0	T5	5	4633
18.632	0.0	T6	6	4658
18.732	0.0	T7	7	4683
18.832	0.0	T8	8	4708
18.932	0.0	T9	9	4733
19.032	0.0	T10	10	4758
19.132	0.0	T1	1	4783
19.232	0.0	T2	2	4808
19.332	0.0	T3	3	4833
19.432	0.0	T4	4	4858
19.532	0.0	T5	5	4883
19.632	0.0	T6	6	4908
19.732	0.0	T7	7	4933
19.832	0.0	T8	8	4958
19.932	0.0	T9	9	4983
20.032	0.0	T10	10	5008
20.132	0.0	T1	1	5033
20.232	0.0	T2	2	5058
20.332	0.0	T3	3	5083
20.432	0.0	T4	4	5108
20.532	0.0	T5	5	5133
20.632	0.0	T6	6	5158
20.732	0.0	T7	7	5183
20.832	0.0	T8	8	5208
20.932	0.0	T9	9	5233
21.032	0.0	T10	10	5258
21.132	0.0	T1	1	5283
21.232	0.0	T2	2	5308
21.332	0.0	T3	3	5333
21.432	0.0	T4	4	5358
21.532	0.0	T5	5	5383
21.632	0.0	T6	6	5408
21.732	0.0	T7	7	5433
21.832	0.0	T8	8	5458
21.932	0.0	T9	9	5483
22.032	0.0	T10	10	5508
22.132	0.0	T1	1	5533
22.232	0.0	T2	2	5558
22.332	0.0	T3	3	5583
22.432	0.0	T4	4	5608
22.532	0.0	T5	5	5633
22.632	0.0	T6	6	5658
22.732	0.0	T7	7	5683
22.832	0.0	T8	8	5708
22.932	0.0	T9	9	5733
23.032	0.0	T10	10	5758
23.132	0.0	T1	1	5783
23.232	0.0	T2	2	5808
23.332	0.0	T3	3	5833
23.432	0.0	T4	4	5858
23.532	0.0	T5	5	5883
23.632	0.0	T6	6	5908
23.732	0.0	T7	7	5933
23.832	0.0	T8	8	5958
23.932	0.0	T9	9	5983
24.032	0.0	T10	10	6008
24.132	0.0	T1	1	6033
24.232	0.0	T2	2	6058
24.332	0.0	T3	3	6083
24.432	0.0	T4	4	6108
24.532	0.0	T5	5	6133
24.632	0.0	T6	6	6158
24.732	0.0	T7	7	6183
24.832	0.0	T8	8	6208
24.932	0.0	T9	9	6233
25.032	0.0	T10	10	6258
25.132	0.0	T1	1	6283
25.232	0.0	T2	2	6308
25.332	0.0	T3	3	6333
25.432	0.0	T4	4	6358
25.532	0.0	T5	5	6383
25.632	0.0	T6	6	6408
25.732	0.0	T7	7	6433
25.832	0.0	T8	8	6458
25.932	0.0	T9	9	6483
26.032	0.0	T10	10	6508
26.132	0.0	T1	1	6533
26.232	0.0	T2	2	6558
26.332	0.0	T3	3	6583
26.432	0.0	T4	4	6608
26.532	0.0	T5	5	6633
26.632	0.0	T6	6	6658
26.732	0.0	T7	7	6683
26.832	0.0	T8	8	6708
26.932	0.0	T9	9	6733
27.032	0.0	T10	10	6758
27.132	0.0	T1	1	6783
27.232	0.0	T2	2	6808
27.332	0.0	T3	3	6833
27.432	0.0	T4	4	6858
27.532	0.0	T5	5	6883
27.632	0.0	T6	6	6908
27.732	0.0	T7	7	6933
27.832	0.0	T8	8	6958
27.932	0.0	T9	9	6983
28.032	0.0	T10	10	7008
28.132	0.0	T1	1	7033
28.232	0.0	T2	2	7058
28.332	0.0	T3	3	7083
28.432	0.0	T4	4	7108
28.532	0.0	T5	5	7133
28.632	0.0	T6	6	7158
28.732	0.0	T7	7	7183
28.832	0.0	T8	8	7208
28.932	0.0	T9	9	7233
29.032	0.0	T10	10	7258
29.132	0.0	T1	1	7283
29.232	0.0	T2	2	7308
29.332	0.0	T3	3	7333
29.432	0.0	T4	4	7358
29.532	0.0	T5	5	7383
29.632	0.0	T6	6	7408
29.732	0.0	T7	7	7433
29.832	0.0	T8	8	7458
29.932	0.0	T9	9	7483
30.032	0.0	T10	10	7508
30.132	0.0	T1	1	7533
30.232	0.0	T2	2	7558
30.332	0.0	T3	3	7583
30.432	0.0	T4	4	7608
30.532	0.0	T5	5	7633
30.632	0.0	T6	6	7658
30.732	0.0	T7	7	7683
30.832	0.0	T8	8	7708
30.932	0.0	T9	9	7733
31.032	0.0	T10	10	7758
31.132	0.0	T1	1	7783
31.232	0.0	T2	2	7808
31.332	0.0	T3	3	7833
31.432	0.0	T4	4	7858
31.532	0.0	T5	5	7883
31.632	0.0	T6	6	7908
31.732	0.0	T7	7	7933
31.832	0.0	T8	8	7958
31.932	0.0	T9	9	7983
32.032	0.0	T10	10	8008
32.132	0.0	T1	1	8033
32.232	0.0	T2	2	8058
32.332	0.0	T3	3	8083
32.432	0.0	T4	4	8108
32.532	0.0	T5	5	8133
32.632	0.0	T6	6	8158
32.732	0.0	T7	7	8183
32.832	0.0	T8	8	8208
32.932	0.0	T9	9	8233
33.032	0.0	T10	10	8258
33.132	0.0	T1	1	8283
33.232	0.0	T2	2	8308
33.332	0.0	T3	3	8333
33.432	0.0	T4	4	8358
33.532	0.0	T5	5	8383
33.632	0.0	T6	6	8408
33.732	0.0	T7	7	8433
33.832	0.0	T8	8	8458
33.932	0.0	T9	9	8483
34.032	0.0	T10	10	8508
34.132	0.0	T1	1	8533
34.232	0.0	T2	2	8558
34.332	0.0	T3	3	8583
34.432	0.0	T4	4	8608
34.532	0.0	T5	5	8633
34.632	0.0	T6	6	8658
34.732	0.0	T7	7	8683
34.832	0.0	T8	8	8708
34.932	0.0	T9	9	8733
35.032	0.0	T10	10	8758
35.132	0.0	T1	1	8783
35.232	0.0	T2	2	8808
35.332	0.0	T3	3	8833
35.432	0.0	T4	4	8858
35.532	0.0	T5	5	8883
35.632	0.0	T6	6	8908
35.732	0.0	T7	7	8933
35.832	0.0	T8	8	8958
35.932	0.0	T9	9	8983
36.032	0.0	T10	10	9008
36.132	0.0	T1	1	9033
36.232	0.0	T2	2	9058
36.332	0.0	T3	3	9083
36.432	0.0	T4	4	9108
36.532	0.0	T5	5	9133
36.632	0.0	T6	6	9158
36.732	0.0	T7	7	9183
36.832	0.0	T8	8	9208
36.932	0.0	T9	9	9233
37.032	0.0	T10	10	9258
37.132	0.0	T1	1	9283
37.232	0.0	T2	2	9308
37.332	0.0	T3	3	9333
37.432	0.0	T4	4	9358
37.532	0.0	T5	5	9383
37.632	0.0	T6	6	9408
37.732	0.0	T7	7	9433
37.832	0.0	T8	8	9458
37.932	0.0	T9	9	9483
38.032	0.0	T10	10	9508
38.132	0.0	T1	1	9533
38.232	0.0	T2	2	9558
38.332	0.0	T3	3	9583
38.432	0.0	T4	4	9608
38.532	0.0	T5	5	9633
38.632	0.0	T6	6	9658
38.732	0.0	T7	7	9683
38.832	0.0	T8	8	9708
38.932	0.0	T9	9	9733
39.032	0.0	T10	10	9758
39.132	0.0	T1	1	9783
39.232	0.0	T2	2	9808
39.332	0.0	T3	3	9833
39.432	0.0	T4	4	9858
39.532	0.0	T5	5	9883
39.632	0.0	T6	6	9908
39.732	0.0	T7	7	9933
39.832	0.0	T8	8	9958
39.932	0.0	T9	9	9983
40.032	0.0	T10	10	10008
40.132	0.0	T1	1	10033
40.232	0.0	T2	2	10058
40.332	0.0	T3	3	10083
40.432	0.0	T4	4	10108
40.532	0.0	T5	5	10133
40.632	0.0	T6	6	10158
40.732	0.0	T7	7	10183
40.832	0.0	T8	8	10208
40.932	0.0	T9	9	10233
41.032	0.0	T10	10	10258
41.132	0.0	T1	1	10283
41.232	0.0	T2	2	10308
41.332	0.0	T3	3	10333
41.432	0.0	T4	4	10358
41.532	0.0	T5	5	10383
41.632	0.0	T6	6	10408
41.732	0.0	T7	7	10433
41.832	0.0	T8	8	10458
41.932	0.0	T9	9	10483
42.032	0.0	T10	10	10508
42.132	0.0	T1	1	10533
42.232	0.0	T2	2	10558
42.332	0.0	T3	3	10583
42.432	0.0	T4	4	10608
42.532	0.0	T5	5	10633
42.632	0.0	T6	6	10658
42.732	0.0	T7	7	10683
42.832	0.0	T8	8	10708
42.932	0.0	T9	9	10733
43.032	0.0	T10	10	10758
43.132	0.0	T1	1	10783
43.232	0.0	T2	2	10808
43.332	0.0	T3	3	10833
43.432	0.0	T4	4	10858
43.532	0.0	T5	5	10883
43.632	0.0	T6	6	10908
43.732	0.0	T7	7	10933
43.832	0.0	T8	8	10958
43.932	0.0	T9	9	10983
44.032	0.0	T10	10	11008
44.132	0.0	T1	1	11033
44.232	0.0	T2	2	11058
44.332	0.0	T3	3	11083
44.432	0.0	T4	4	11108
44.532	0.0	T5	5	11133
44.632	0.0	T6	6	11158
44.732	0.0	T7	7	11183
44.832	0.0	T8	8	11208
44.932	0.0	T9	9	11233
45.032	0.0	T10	10	11258
45.132	0.0	T1	1	11283
45.232	0.0	T2	2	11308
45.332	0.0	T3	3	11333
45.432	0.0	T4	4	11358
45.532	0.0	T5	5	11383
45.632	0.0	T6	6	11408
45.732	0.0	T7	7	11433
45.832	0.0	T8	8	11458
45.932	0.0	T9	9	11483
46.032	0.0	T10	10	11508
46.132	0.0	T1	1	11533
46.232	0.0	T2	2	11558
46.332	0.0	T3	3	11583
46.432	0.0	T4	4	11608
46.532	0.0	T5	5	11633
46.632	0.0	T6	6	11658
46.732	0.0	T7	7	11683
46.832	0.0	T8	8	11708
46.932	0.0	T9	9	11733
47.032	0.0	T10	10	11758
47.132	0.0	T1	1	11783
47.232	0.0	T2	2	11808
47.332	0.0	T3	3	11833
47.432	0.0	T4	4	11858
47.532	0.0	T5	5	11883
47.632	0.0	T6	6	11908
47.732	0.0	T7	7	11933
47.832	0.0	T8	8	11958
47.932	0.0	T9	9	11983
48.032	0.0	T10	10	12008
48.132	0.0	T1	1	12033
48.232	0.0	T2	2	12058
48.332	0.0	T3	3	12083
48.432	0.0	T4	4	12108
48.532	0.0	T5	5	12133
48.632	0.0	T6	6	12158
48.732	0.0	T7	7	12183
48.832	0.0	T8	8	12208
48.932	0.0	T9	9	12233
49.032	0.0	T10	10	12258
49.132	0.0	T1	1	12283
49.232	0.0	T2	2	12308
49.332	0.0	T3	3	12333
49.432	0.0	T4	4	12358
49.532	0.0	T5	5	12383
49.632	0.0	T6	6	12408
49.732	0.0	T7	7	12433
49.832	0.0	T8	8	12458
49.932	0.0	T9	9	12483
50.032	0.0	T10	10	12508
50.132	0.0	T1	1	12533
50.232	0.0	T2	2	12558
50.332	0.0	T3	3	12583
50.432	0.0	T4	4	12608
50.532	0.0	T5	5	12633
50.632	0.0	T6	6	12658
50.732	0.0	T7	7	12683
50.832	0.0	T8	8	12708
50.932	0.0	T9	9	12733
51.032	0.0	T10	10	12758
51.132	0.0	T1	1	12783
51.232	0.0	T2	2	12808
51.332	0.0	T3	3	12833
51.432	0.0	T4	4	12858
51.532	0.0	T5	5	12883
51.632	0.0	T6	6	12908
51.732	0.0	T7	7	12933
51.832	0.0	T8	8	12958
51.932	0.0	T9	9	12983
52.032	0.0	T10	10	13008
52.132	0.0	T1	1	13033
52.232	0.0	T2	2	13058
52.332	0.0	T3	3	13083
52.432	0.0	T4	4	13108
52.532	0.0	T5	5	13133
52.632	0.0	T6	6	13158
52.732	0.0	T7	7	13183
52.832	0.0	T8	8	13208
52.932	0.0	T9	9	13233
53.032	0.0	T10	10	13258
53.132	0.0	T1	1	13283
53.232	0.0	T2	2	13308
53.332	0.0	T3	3	13333
53.432	0.0	T4	4	13358
53.532	0.0	T5	5	13383
53.632	0.0	T6	6	13408
53.732	0.0	T7	7	13433
53.832	0.0	T8	8	13458
53.932	0.0	T9	9	13483
54.032	0.0	T10	10	13508
54.132	0.0	T1	1	13533
54.232	0.0	T2	2	13558
54.332	0.0	T3	3	13583
54.432	0.0	T4	4	13608
54.532	0.0	T5	5	13633
54.632	0.0	T6	6	13658
54.732	0.0	T7	7	13683
54.832	0.0	T8	8	13708
54.932	0.0	T9	9	13733
55.032	0.0	T10	10	13758
55.132	0.0	T1	1	13783
55.232	0.0	T2	2	13808
55.332	0.0	T3	3	13833
55.432	0.0	T4	4	13858
55.532	0.0	T5	5	13883
55.632	0.0	T6	6	13908
55.732	0.0	T7	7	13933
55.832	0.0	T8	8	13958
55.932	0.0	T9	9	13983
56.032	0.0	T10	10	14008
56.132	0.0	T1	1	14033
56.232	0.0	T2	2	14058
56.332	0.0	T3	3	14083
56.432	0.0	T4	4	14108
56.532	0.0	T5	5	14133
56.632	0.0	T6	6	14158
56.732	0.0	T7	7	14183
56.832	0.0	T8	8	14208
56.932	0.0	T9	9	14233
57.032	0.0	T10	10	14258
57.132	0.0	T1	1	14283
57.232	0.0	T2	2	14308
57.332	0.0	T3	3	14333
57.432	0.0	T4	4	14358
57.532	0.0	T5	5	14383
57.632	0.0	T6	6	14408
57.732	0.0	T7	7	14433
57.832	0.0	T8	8	14458
57.932	0.0	T9	9	14483
58.032	0.0	T10	10	14508
58.132	0.0	T1	1	14533
58.232	0.0	T2	2	14558
58.332	0.0	T3	3	14583
58.432	0.0	T4	4	14608
58.532	0.0	T5	5	14633
58.632	0.0	T6	6	14658
58.732	0.0	T7	7	14683
58.832	0.0	T8	8	14708
58.932	0.0	T9	9	14733
59.032	0.0	T10	10	14758
59.132	0.0	T1	1	14783
59.232	0.0	T2	2	14808
59.332	0.0	T3	3	14833
59.432	0.0	T4	4	14858
59.532	0.0	T5	5	14883
59.632	0.0	T6	6	14908
59.732	0.0	T7	7	14933
59.832	0.0	T8	8	14958
59.932	0.0	T9	9	14983
60.032	0.0	T10	10	15008
60.132	0.0	T1	1	15033
60.232	0.0	T2	2	15058
60.332	0.0	T3	3	15083
60.432	0.0	T4	4	15108
60.532	0.0	T5	5	15133
60.632	0.0	T6	6	15158
60.732	0.0	T7	7	15183
60.832	0.0	T8	8	15208
60.932	0.0	T9	9	15233
61.032	0.0	T10	10	15258
61.132	0.0	T1	1	15283
61.232	0.0	T2	2	15308
61.332	0.0	T3	3	15333
61.432	0.0	T4	4	15358
61.532	0.0	T5	5	15383
61.632	0.0	T6	6	15408
61.732	0.0	T7	7	15433
61.832	0.0	T8	8	15458
61.932	0.0	T9	9	15483
62.032	0.0	T10	10	15508
62.132	0.0	T1	1	15533
62.232	0.0	T2	2	15558
62.332	0.0	T3	3	15583
62.432	0.0	T4	4	15608
62.532	0.0	T5	5	15633
62.632	0.0	T6	6	15658
62.732	0.0	T7	7	15683
62.832	0.0	T8	8	15708
62.932	0.0	T9	9	15733
63.032	0.0	T10	10	15758
63.132	0.0	T1	1	15783
63.232	0.0	T2	2	15808
63.332	0.0	T3	3	15833
63.432	0.0	T4	4	15858
63.532	0.0	T5	5	15883
63.632	0.0	T6	6	15908
63.732	0.0	T7	7	15933
63.832	0.0	T8	8	15958
63.932	0.0	T9	9	15983
64.032	0.0	T10	10	16008
64.132	0.0	T1	1	16033
64.236	0.0	T2	2	16059
64.332	0.0	T3	3	16083
64.432	0.0	T4	4	16108
64.532	0.0	T5	5	16133
64.632	0.0	T6	6	16158
64.732	0.0	T7	7	16183
64.832	0.0	T8	8	16208
64.932	0.0	T9	9	16233
65.032	0.0	T10	10	16258
65.132	0.0	T1	1	16283
65.232	0.0	T2	2	16308
65.332	0.0	T3	3	16333
65.432	0.0	T4	4	16358
65.532	0.0	T5	5	16383
65.632	0.0	T6	6	16408
65.732	0.0	T7	7	16433
65.832	0.0	T8	8	16458
65.932	0.0	T9	9	16483
66.032	0.0	T10	10	16508
108.548	0.0	T1	1	27137
108.648	0.0	T2	2	27162
108.748	0.0	T3	3	27187
108.848	0.0	T4	4	27212
108.948	0.0	T5	5	27237
109.048	0.0	T6	6	27262
109.148	0.0	T7	7	27287
109.248	0.0	T8	8	27312
109.348	0.0	T9	9	27337
109.448	0.0	T10	10	27362
109.548	0.0	T1	1	27387
109.648	0.0	T2	2	27412
109.748	0.0	T3	3	27437
109.848	0.0	T4	4	27462
109.948	0.0	T5	5	27487
110.048	0.0	T6	6	27512
110.148	0.0	T7	7	27537
110.248	0.0	T8	8	27562
110.348	0.0	T9	9	27587
110.448	0.0	T10	10	27612
110.548	0.0	T1	1	27637
110.648	0.0	T2	2	27662
110.748	0.0	T3	3	27687
110.848	0.0	T4	4	27712
110.948	0.0	T5	5	27737
111.048	0.0	T6	6	27762
111.148	0.0	T7	7	27787
111.248	0.0	T8	8	27812
111.348	0.0	T9	9	27837
111.448	0.0	T10	10	27862
111.548	0.0	T1	1	27887
111.648	0.0	T2	2	27912
111.748	0.0	T3	3	27937
111.848	0.0	T4	4	27962
111.948	0.0	T5	5	27987
112.048	0.0	T6	6	28012
112.148	0.0	T7	7	28037
112.248	0.0	T8	8	28062
112.348	0.0	T9	9	28087
112.448	0.0	T10	10	28112
112.548	0.0	T1	1	28137
112.652	0.0	T2	2	28163
112.748	0.0	T3	3	28187
112.848	0.0	T4	4	28212
112.948	0.0	T5	5	28237
113.048	0.0	T6	6	28262
113.152	0.0	T7	7	28288
113.252	0.0	T8	8	28313
113.348	0.0	T9	9	28337
113.448	0.0	T10	10	28362
113.552	0.0	T1	1	28388
113.648	0.0	T2	2	28412
113.752	0.0	T3	3	28438
113.852	0.0	T4	4	28463
113.952	0.0	T5	5	28488
114.048	0.0	T6	6	28512
114.148	0.0	T7	7	28537
114.248	0.0	T8	8	28562
114.348	0.0	T9	9	28587
114.448	0.0	T10	10	28612
114.548	0.0	T1	1	28637
114.648	0.0	T2	2	28662
114.748	0.0	T3	3	28687
114.848	0.0	T4	4	28712
114.948	0.0	T5	5	28737
115.048	0.0	T6	6	28762
115.148	0.0	T7	7	28787
115.248	0.0	T8	8	28812
115.348	0.0	T9	9	28837
115.448	0.0	T10	10	28862
115.548	0.0	T1	1	28887
115.648	0.0	T2	2	28912
115.748	0.0	T3	3	28937
115.848	0.0	T4	4	28962
115.948	0.0	T5	5	28987
116.048	0.0	T6	6	29012
116.148	0.0	T7	7	29037
116.248	0.0	T8	8	29062
116.348	0.0	T9	9	29087
116.448	0.0	T10	10	29112
116.548	0.0	T1	1	29137
116.648	0.0	T2	2	29162
116.748	0.0	T3	3	29187
116.848	0.0	T4	4	29212
116.948	0.0	T5	5	29237
117.048	0.0	T6	6	29262
117.148	0.0	T7	7	29287
117.248	0.0	T8	8	29312
117.348	0.0	T9	9	29337
117.448	0.0	T10	10	29362
117.548	0.0	T1	1	29387
117.648	0.0	T2	2	29412
117.748	0.0	T3	3	29437
117.848	0.0	T4	4	29462
117.948	0.0	T5	5	29487
118.048	0.0	T6	6	29512
118.148	0.0	T7	7	29537
118.248	0.0	T8	8	29562
118.348	0.0	T9	9	29587
118.448	0.0	T10	10	29612
118.548	0.0	T1	1	29637
118.648	0.0	T2	2	29662
118.748	0.0	T3	3	29687
118.848	0.0	T4	4	29712
118.948	0.0	T5	5	29737
119.048	0.0	T6	6	29762
119.148	0.0	T7	7	29787
119.248	0.0	T8	8	29812
119.348	0.0	T9	9	29837
119.448	0.0	T10	10	29862
119.548	0.0	T1	1	29887
119.648	0.0	T2	2	29912
119.748	0.0	T3	3	29937
119.848	0.0	T4	4	29962
119.948	0.0	T5	5	29987
120.048	0.0	T6	6	30012
120.148	0.0	T7	7	30037
120.248	0.0	T8	8	30062
120.348	0.0	T9	9	30087
120.448	0.0	T10	10	30112
120.548	0.0	T1	1	30137
120.648	0.0	T2	2	30162
120.748	0.0	T3	3	30187
120.848	0.0	T4	4	30212
120.948	0.0	T5	5	30237
121.048	0.0	T6	6	30262
121.148	0.0	T7	7	30287
121.248	0.0	T8	8	30312
121.348	0.0	T9	9	30337
121.448	0.0	T10	10	30362
121.548	0.0	T1	1	30387
121.648	0.0	T2	2	30412
121.748	0.0	T3	3	30437
121.848	0.0	T4	4	30462
121.948	0.0	T5	5	30487
122.048	0.0	T6	6	30512
122.148	0.0	T7	7	30537
122.248	0.0	T8	8	30562
122.348	0.0	T9	9	30587
122.448	0.0	T10	10	30612
122.548	0.0	T1	1	30637
122.648	0.0	T2	2	30662
122.748	0.0	T3	3	30687
122.848	0.0	T4	4	30712
122.948	0.0	T5	5	30737
123.048	0.0	T6	6	30762
123.148	0.0	T7	7	30787
123.248	0.0	T8	8	30812
123.348	0.0	T9	9	30837
123.448	0.0	T10	10	30862
123.548	0.0	T1	1	30887
123.648	0.0	T2	2	30912
123.748	0.0	T3	3	30937
123.848	0.0	T4	4	30962
123.948	0.0	T5	5	30987
124.048	0.0	T6	6	31012
124.148	0.0	T7	7	31037
124.248	0.0	T8	8	31062
124.348	0.0	T9	9	31087
124.448	0.0	T10	10	31112
124.548	0.0	T1	1	31137
124.648	0.0	T2	2	31162
124.748	0.0	T3	3	31187
124.848	0.0	T4	4	31212
124.948	0.0	T5	5	31237
125.048	0.0	T6	6	31262
125.148	0.0	T7	7	31287
125.248	0.0	T8	8	31312
125.348	0.0	T9	9	31337
125.448	0.0	T10	10	31362
125.548	0.0	T1	1	31387
125.648	0.0	T2	2	31412
125.748	0.0	T3	3	31437
125.848	0.0	T4	4	31462
125.948	0.0	T5	5	31487
126.048	0.0	T6	6	31512
126.148	0.0	T7	7	31537
126.248	0.0	T8	8	31562
126.348	0.0	T9	9	31587
126.448	0.0	T10	10	31612
126.548	0.0	T1	1	31637
126.648	0.0	T2	2	31662
126.748	0.0	T3	3	31687
126.848	0.0	T4	4	31712
126.948	0.0	T5	5	31737
127.048	0.0	T6	6	31762
127.148	0.0	T7	7	31787
127.248	0.0	T8	8	31812
127.348	0.0	T9	9	31837
127.448	0.0	T10	10	31862
127.548	0.0	T1	1	31887
127.648	0.0	T2	2	31912
127.748	0.0	T3	3	31937
127.848	0.0	T4	4	31962
127.948	0.0	T5	5	31987
128.048	0.0	T6	6	32012
128.148	0.0	T7	7	32037
128.248	0.0	T8	8	32062
128.348	0.0	T9	9	32087
128.448	0.0	T10	10	32112
128.548	0.0	T1	1	32137
128.648	0.0	T2	2	32162
128.748	0.0	T3	3	32187
128.848	0.0	T4	4	32212
128.948	0.0	T5	5	32237
129.048	0.0	T6	6	32262
129.148	0.0	T7	7	32287
129.248	0.0	T8	8	32312
129.348	0.0	T9	9	32337
129.448	0.0	T10	10	32362
129.548	0.0	T1	1	32387
129.648	0.0	T2	2	32412
129.748	0.0	T3	3	32437
129.848	0.0	T4	4	32462
129.948	0.0	T5	5	32487
130.048	0.0	T6	6	32512
130.148	0.0	T7	7	32537
130.248	0.0	T8	8	32562
130.348	0.0	T9	9	32587
130.452	0.0	T10	10	32613
130.552	0.0	T1	1	32638
130.648	0.0	T2	2	32662
130.748	0.0	T3	3	32687
130.848	0.0	T4	4	32712
130.948	0.0	T5	5	32737
131.052	0.0	T6	6	32763
131.152	0.0	T7	7	32788
131.248	0.0	T8	8	32812
131.352	0.0	T9	9	32838
131.452	0.0	T10	10	32863
131.552	0.0	T1	1	32888
131.652	0.0	T2	2	32913
131.752	0.0	T3	3	32938
131.852	0.0	T4	4	32963
131.952	0.0	T5	5	32988
132.052	0.0	T6	6	33013
132.152	0.0	T7	7	33038
132.252	0.0	T8	8	33063
132.352	0.0	T9	9	33088
132.452	0.0	T10	10	33113
132.552	0.0	T1	1	33138
132.652	0.0	T2	2	33163
132.752	0.0	T3	3	33188
132.852	0.0	T4	4	33213
132.952	0.0	T5	5	33238
133.052	0.0	T6	6	33263
133.152	0.0	T7	7	33288
133.252	0.0	T8	8	33313
133.352	0.0	T9	9	33338
133.452	0.0	T10	10	33363
133.552	0.0	T1	1	33388
133.652	0.0	T2	2	33413
133.752	0.0	T3	3	33438
133.852	0.0	T4	4	33463
133.952	0.0	T5	5	33488
134.052	0.0	T6	6	33513
134.152	0.0	T7	7	33538
134.252	0.0	T8	8	33563
134.352	0.0	T9	9	33588
134.452	0.0	T10	10	33613
134.552	0.0	T1	1	33638
134.652	0.0	T2	2	33663
134.752	0.0	T3	3	33688
134.852	0.0	T4	4	33713
134.952	0.0	T5	5	33738
135.052	0.0	T6	6	33763
135.152	0.0	T7	7	33788
135.252	0.0	T8	8	33813
135.352	0.0	T9	9	33838
135.452	0.0	T10	10	33863
135.552	0.0	T1	1	33888
135.652	0.0	T2	2	33913
135.752	0.0	T3	3	33938
135.852	0.0	T4	4	33963
135.952	0.0	T5	5	33988
136.052	0.0	T6	6	34013
136.152	0.0	T7	7	34038
136.252	0.0	T8	8	34063
136.352	0.0	T9	9	34088
136.452	0.0	T10	10	34113
136.552	0.0	T1	1	34138
136.652	0.0	T2	2	34163
136.752	0.0	T3	3	34188
136.852	0.0	T4	4	34213
136.952	0.0	T5	5	34238
137.052	0.0	T6	6	34263
137.152	0.0	T7	7	34288
137.252	0.0	T8	8	34313
137.352	0.0	T9	9	34338
137.452	0.0	T10	10	34363
137.552	0.0	T1	1	34388
137.652	0.0	T2	2	34413
137.752	0.0	T3	3	34438
137.852	0.0	T4	4	34463
137.952	0.0	T5	5	34488
138.052	0.0	T6	6	34513
138.152	0.0	T7	7	34538
138.252	0.0	T8	8	34563
138.352	0.0	T9	9	34588
138.452	0.0	T10	10	34613
138.552	0.0	T1	1	34638
138.652	0.0	T2	2	34663
138.752	0.0	T3	3	34688
138.852	0.0	T4	4	34713
138.952	0.0	T5	5	34738
139.052	0.0	T6	6	34763
139.152	0.0	T7	7	34788
139.252	0.0	T8	8	34813
139.352	0.0	T9	9	34838
139.452	0.0	T10	10	34863
139.552	0.0	T1	1	34888
139.652	0.0	T2	2	34913
139.752	0.0	T3	3	34938
139.852	0.0	T4	4	34963
139.952	0.0	T5	5	34988
140.052	0.0	T6	6	35013
140.152	0.0	T7	7	35038
140.252	0.0	T8	8	35063
140.352	0.0	T9	9	35088
140.452	0.0	T10	10	35113
140.552	0.0	T1	1	35138
140.652	0.0	T2	2	35163
140.752	0.0	T3	3	35188
140.852	0.0	T4	4	35213
140.952	0.0	T5	5	35238
141.052	0.0	T6	6	35263
141.152	0.0	T7	7	35288
141.252	0.0	T8	8	35313
141.352	0.0	T9	9	35338
141.452	0.0	T10	10	35363
141.552	0.0	T1	1	35388
141.652	0.0	T2	2	35413
141.752	0.0	T3	3	35438
141.852	0.0	T4	4	35463
141.952	0.0	T5	5	35488
142.052	0.0	T6	6	35513
142.152	0.0	T7	7	35538
142.252	0.0	T8	8	35563
142.352	0.0	T9	9	35588
142.452	0.0	T10	10	35613
142.552	0.0	T1	1	35638
142.652	0.0	T2	2	35663
142.752	0.0	T3	3	35688
142.852	0.0	T4	4	35713
142.952	0.0	T5	5	35738
143.052	0.0	T6	6	35763
143.152	0.0	T7	7	35788
143.252	0.0	T8	8	35813
143.352	0.0	T9	9	35838
143.452	0.0	T10	10	35863
143.552	0.0	T1	1	35888
143.652	0.0	T2	2	35913
143.752	0.0	T3	3	35938
143.852	0.0	T4	4	35963
143.952	0.0	T5	5	35988
144.052	0.0	T6	6	36013
144.152	0.0	T7	7	36038
144.252	0.0	T8	8	36063
144.352	0.0	T9	9	36088
144.452	0.0	T10	10	36113
144.552	0.0	T1	1	36138
144.652	0.0	T2	2	36163
144.752	0.0	T3	3	36188
144.852	0.0	T4	4	36213
144.952	0.0	T5	5	36238
145.052	0.0	T6	6	36263
145.152	0.0	T7	7	36288
145.252	0.0	T8	8	36313
145.352	0.0	T9	9	36338
145.452	0.0	T10	10	36363
145.552	0.0	T1	1	36388
145.652	0.0	T2	2	36413
145.752	0.0	T3	3	36438
145.852	0.0	T4	4	36463
145.952	0.0	T5	5	36488
146.052	0.0	T6	6	36513
146.152	0.0	T7	7	36538
146.252	0.0	T8	8	36563
146.352	0.0	T9	9	36588
146.452	0.0	T10	10	36613
146.552	0.0	T1	1	36638
146.652	0.0	T2	2	36663
146.752	0.0	T3	3	36688
146.852	0.0	T4	4	36713
146.952	0.0	T5	5	36738
147.052	0.0	T6	6	36763
147.152	0.0	T7	7	36788
147.252	0.0	T8	8	36813
147.352	0.0	T9	9	36838
147.452	0.0	T10	10	36863
147.552	0.0	T1	1	36888
147.652	0.0	T2	2	36913
147.752	0.0	T3	3	36938
147.852	0.0	T4	4	36963
147.952	0.0	T5	5	36988
148.052	0.0	T6	6	37013
148.152	0.0	T7	7	37038
148.252	0.0	T8	8	37063
148.352	0.0	T9	9	37088
148.452	0.0	T10	10	37113
148.552	0.0	T1	1	37138
148.652	0.0	T2	2	37163
148.752	0.0	T3	3	37188
148.852	0.0	T4	4	37213
148.952	0.0	T5	5	37238
149.052	0.0	T6	6	37263
149.152	0.0	T7	7	37288
149.252	0.0	T8	8	37313
149.352	0.0	T9	9	37338
149.452	0.0	T10	10	37363
149.552	0.0	T1	1	37388
149.652	0.0	T2	2	37413
149.752	0.0	T3	3	37438
149.852	0.0	T4	4	37463
149.952	0.0	T5	5	37488
150.052	0.0	T6	6	37513
150.152	0.0	T7	7	37538
150.252	0.0	T8	8	37563
150.352	0.0	T9	9	37588
150.452	0.0	T10	10	37613
150.552	0.0	T1	1	37638
150.652	0.0	T2	2	37663
150.752	0.0	T3	3	37688
150.852	0.0	T4	4	37713
150.952	0.0	T5	5	37738
151.052	0.0	T6	6	37763
151.152	0.0	T7	7	37788
151.252	0.0	T8	8	37813
151.352	0.0	T9	9	37838
151.452	0.0	T10	10	37863
151.552	0.0	T1	1	37888
151.652	0.0	T2	2	37913
151.752	0.0	T3	3	37938
151.852	0.0	T4	4	37963
151.952	0.0	T5	5	37988
152.052	0.0	T6	6	38013
152.152	0.0	T7	7	38038
152.252	0.0	T8	8	38063
152.352	0.0	T9	9	38088
152.452	0.0	T10	10	38113
152.552	0.0	T1	1	38138
152.652	0.0	T2	2	38163
152.752	0.0	T3	3	38188
152.852	0.0	T4	4	38213
152.952	0.0	T5	5	38238
153.052	0.0	T6	6	38263
153.152	0.0	T7	7	38288
153.252	0.0	T8	8	38313
153.352	0.0	T9	9	38338
153.452	0.0	T10	10	38363
153.552	0.0	T1	1	38388
153.652	0.0	T2	2	38413
153.752	0.0	T3	3	38438
153.852	0.0	T4	4	38463
153.952	0.0	T5	5	38488
154.052	0.0	T6	6	38513
154.152	0.0	T7	7	38538
154.252	0.0	T8	8	38563
154.352	0.0	T9	9	38588
154.452	0.0	T10	10	38613
154.552	0.0	T1	1	38638
154.652	0.0	T2	2	38663
154.752	0.0	T3	3	38688
154.852	0.0	T4	4	38713
154.952	0.0	T5	5	38738
155.052	0.0	T6	6	38763
155.152	0.0	T7	7	38788
155.252	0.0	T8	8	38813
155.352	0.0	T9	9	38838
155.452	0.0	T10	10	38863
155.552	0.0	T1	1	38888
155.652	0.0	T2	2	38913
155.752	0.0	T3	3	38938
155.852	0.0	T4	4	38963
155.952	0.0	T5	5	38988
156.052	0.0	T6	6	39013
156.152	0.0	T7	7	39038
156.252	0.0	T8	8	39063
156.352	0.0	T9	9	39088
156.452	0.0	T10	10	39113
156.552	0.0	T1	1	39138
156.652	0.0	T2	2	39163
156.752	0.0	T3	3	39188
156.852	0.0	T4	4	39213
156.952	0.0	T5	5	39238
157.052	0.0	T6	6	39263
157.152	0.0	T7	7	39288
157.252	0.0	T8	8	39313
157.352	0.0	T9	9	39338
157.452	0.0	T10	10	39363
157.552	0.0	T1	1	39388
157.652	0.0	T2	2	39413
157.756	0.0	T3	3	39439
157.852	0.0	T4	4	39463
157.952	0.0	T5	5	39488
158.052	0.0	T6	6	39513
158.152	0.0	T7	7	39538
158.252	0.0	T8	8	39563
158.352	0.0	T9	9	39588
158.452	0.0	T10	10	39613
158.552	0.0	T1	1	39638
158.652	0.0	T2	2	39663
158.752	0.0	T3	3	39688
158.852	0.0	T4	4	39713
158.952	0.0	T5	5	39738
159.052	0.0	T6	6	39763
159.152	0.0	T7	7	39788
159.252	0.0	T8	8	39813
159.352	0.0	T9	9	39838
159.452	0.0	T10	10	39863
159.552	0.0	T1	1	39888
159.652	0.0	T2	2	39913
159.752	0.0	T3	3	39938
159.852	0.0	T4	4	39963
159.952	0.0	T5	5	39988
160.052	0.0	T6	6	40013
160.152	0.0	T7	7	40038
160.252	0.0	T8	8	40063
160.352	0.0	T9	9	40088
160.452	0.0	T10	10	40113
160.552	0.0	T1	1	40138
160.652	0.0	T2	2	40163
160.752	0.0	T3	3	40188
160.852	0.0	T4	4	40213
160.952	0.0	T5	5	40238
161.052	0.0	T6	6	40263
161.152	0.0	T7	7	40288
161.252	0.0	T8	8	40313
161.352	0.0	T9	9	40338
161.452	0.0	T10	10	40363
161.552	0.0	T1	1	40388
161.652	0.0	T2	2	40413
161.752	0.0	T3	3	40438
161.852	0.0	T4	4	40463
161.952	0.0	T5	5	40488
162.052	0.0	T6	6	40513
162.152	0.0	T7	7	40538
162.252	0.0	T8	8	40563
162.352	0.0	T9	9	40588
162.452	0.0	T10	10	40613
162.552	0.0	T1	1	40638
162.652	0.0	T2	2	40663
162.752	0.0	T3	3	40688
162.852	0.0	T4	4	40713
162.952	0.0	T5	5	40738
163.052	0.0	T6	6	40763
163.152	0.0	T7	7	40788
163.252	0.0	T8	8	40813
163.352	0.0	T9	9	40838
163.452	0.0	T10	10	40863
163.552	0.0	T1	1	40888
163.652	0.0	T2	2	40913
163.752	0.0	T3	3	40938
163.852	0.0	T4	4	40963
163.952	0.0	T5	5	40988
164.052	0.0	T6	6	41013
164.152	0.0	T7	7	41038
164.252	0.0	T8	8	41063
164.352	0.0	T9	9	41088
164.452	0.0	T10	10	41113
164.552	0.0	T1	1	41138
164.652	0.0	T2	2	41163
164.752	0.0	T3	3	41188
164.852	0.0	T4	4	41213
164.952	0.0	T5	5	41238
165.052	0.0	T6	6	41263
165.152	0.0	T7	7	41288
165.252	0.0	T8	8	41313
165.352	0.0	T9	9	41338
165.452	0.0	T10	10	41363
165.552	0.0	T1	1	41388
165.652	0.0	T2	2	41413
165.752	0.0	T3	3	41438
165.852	0.0	T4	4	41463
165.952	0.0	T5	5	41488
166.052	0.0	T6	6	41513
166.152	0.0	T7	7	41538
166.252	0.0	T8	8	41563
166.352	0.0	T9	9	41588
166.452	0.0	T10	10	41613
166.552	0.0	T1	1	41638
166.652	0.0	T2	2	41663
166.752	0.0	T3	3	41688
166.852	0.0	T4	4	41713
166.952	0.0	T5	5	41738
167.052	0.0	T6	6	41763
167.152	0.0	T7	7	41788
167.252	0.0	T8	8	41813
167.352	0.0	T9	9	41838
167.452	0.0	T10	10	41863
167.552	0.0	T1	1	41888
167.652	0.0	T2	2	41913
167.752	0.0	T3	3	41938
167.852	0.0	T4	4	41963
167.952	0.0	T5	5	41988
168.052	0.0	T6	6	42013
168.152	0.0	T7	7	42038
168.252	0.0	T8	8	42063
168.352	0.0	T9	9	42088
168.452	0.0	T10	10	42113
168.552	0.0	T1	1	42138
168.652	0.0	T2	2	42163
168.752	0.0	T3	3	42188
168.852	0.0	T4	4	42213
168.952	0.0	T5	5	42238
169.052	0.0	T6	6	42263
169.152	0.0	T7	7	42288
169.252	0.0	T8	8	42313
169.352	0.0	T9	9	42338
169.452	0.0	T10	10	42363
169.552	0.0	T1	1	42388
169.652	0.0	T2	2	42413
169.752	0.0	T3	3	42438
169.852	0.0	T4	4	42463
169.952	0.0	T5	5	42488
170.052	0.0	T6	6	42513
170.152	0.0	T7	7	42538
170.252	0.0	T8	8	42563
170.352	0.0	T9	9	42588
170.452	0.0	T10	10	42613
170.552	0.0	T1	1	42638
170.652	0.0	T2	2	42663
170.752	0.0	T3	3	42688
170.852	0.0	T4	4	42713
170.952	0.0	T5	5	42738
171.052	0.0	T6	6	42763
171.152	0.0	T7	7	42788
171.252	0.0	T8	8	42813
171.352	0.0	T9	9	42838
171.452	0.0	T10	10	42863
171.552	0.0	T1	1	42888
171.652	0.0	T2	2	42913
171.752	0.0	T3	3	42938
171.852	0.0	T4	4	42963
171.952	0.0	T5	5	42988
172.052	0.0	T6	6	43013
172.152	0.0	T7	7	43038
172.252	0.0	T8	8	43063
172.352	0.0	T9	9	43088
172.452	0.0	T10	10	43113
172.552	0.0	T1	1	43138
172.652	0.0	T2	2	43163
172.756	0.0	T3	3	43189
172.852	0.0	T4	4	43213
172.952	0.0	T5	5	43238
173.052	0.0	T6	6	43263
173.152	0.0	T7	7	43288
173.252	0.0	T8	8	43313
173.352	0.0	T9	9	43338
173.452	0.0	T10	10	43363
173.552	0.0	T1	1	43388
173.652	0.0	T2	2	43413
173.752	0.0	T3	3	43438
173.852	0.0	T4	4	43463
173.952	0.0	T5	5	43488
174.052	0.0	T6	6	43513
174.152	0.0	T7	7	43538
174.252	0.0	T8	8	43563
174.352	0.0	T9	9	43588
174.452	0.0	T10	10	43613
174.552	0.0	T1	1	43638
174.652	0.0	T2	2	43663
174.752	0.0	T3	3	43688
174.852	0.0	T4	4	43713
174.952	0.0	T5	5	43738
175.052	0.0	T6	6	43763
175.152	0.0	T7	7	43788
175.252	0.0	T8	8	43813
175.352	0.0	T9	9	43838
175.452	0.0	T10	10	43863
175.552	0.0	T1	1	43888
175.652	0.0	T2	2	43913
175.752	0.0	T3	3	43938
175.852	0.0	T4	4	43963
175.952	0.0	T5	5	43988
176.052	0.0	T6	6	44013
176.152	0.0	T7	7	44038
176.252	0.0	T8	8	44063
176.352	0.0	T9	9	44088
176.452	0.0	T10	10	44113
176.552	0.0	T1	1	44138
176.652	0.0	T2	2	44163
176.752	0.0	T3	3	44188
176.852	0.0	T4	4	44213
176.952	0.0	T5	5	44238
177.052	0.0	T6	6	44263
177.152	0.0	T7	7	44288
177.252	0.0	T8	8	44313
177.352	0.0	T9	9	44338
177.452	0.0	T10	10	44363
177.552	0.0	T1	1	44388
177.652	0.0	T2	2	44413
177.752	0.0	T3	3	44438
177.852	0.0	T4	4	44463
177.952	0.0	T5	5	44488
178.052	0.0	T6	6	44513
178.152	0.0	T7	7	44538
178.252	0.0	T8	8	44563
178.352	0.0	T9	9	44588
178.452	0.0	T10	10	44613
178.552	0.0	T1	1	44638
178.652	0.0	T2	2	44663
178.752	0.0	T3	3	44688
178.852	0.0	T4	4	44713
178.952	0.0	T5	5	44738
179.052	0.0	T6	6	44763
179.152	0.0	T7	7	44788
179.252	0.0	T8	8	44813
179.352	0.0	T9	9	44838
179.452	0.0	T10	10	44863
179.552	0.0	T1	1	44888
179.652	0.0	T2	2	44913
179.752	0.0	T3	3	44938
179.852	0.0	T4	4	44963
179.952	0.0	T5	5	44988
180.052	0.0	T6	6	45013
180.152	0.0	T7	7	45038
180.252	0.0	T8	8	45063
180.352	0.0	T9	9	45088
180.452	0.0	T10	10	45113
180.552	0.0	T1	1	45138
180.652	0.0	T2	2	45163
180.752	0.0	T3	3	45188
180.852	0.0	T4	4	45213
180.952	0.0	T5	5	45238
181.052	0.0	T6	6	45263
181.152	0.0	T7	7	45288
181.252	0.0	T8	8	45313
181.352	0.0	T9	9	45338
181.452	0.0	T10	10	45363
181.552	0.0	T1	1	45388
181.652	0.0	T2	2	45413
181.752	0.0	T3	3	45438
181.852	0.0	T4	4	45463
181.952	0.0	T5	5	45488
182.052	0.0	T6	6	45513
182.152	0.0	T7	7	45538
182.252	0.0	T8	8	45563
182.352	0.0	T9	9	45588
182.452	0.0	T10	10	45613
182.552	0.0	T1	1	45638
182.652	0.0	T2	2	45663
182.752	0.0	T3	3	45688
182.852	0.0	T4	4	45713
182.952	0.0	T5	5	45738
183.052	0.0	T6	6	45763
183.152	0.0	T7	7	45788
183.252	0.0	T8	8	45813
183.352	0.0	T9	9	45838
183.456	0.0	T10	10	45864
183.552	0.0	T1	1	45888
183.652	0.0	T2	2	45913
183.752	0.0	T3	3	45938
183.852	0.0	T4	4	45963
183.952	0.0	T5	5	45988
184.052	0.0	T6	6	46013
184.152	0.0	T7	7	46038
184.252	0.0	T8	8	46063
184.352	0.0	T9	9	46088
184.452	0.0	T10	10	46113
184.552	0.0	T1	1	46138
184.652	0.0	T2	2	46163
184.752	0.0	T3	3	46188
184.852	0.0	T4	4	46213
184.952	0.0	T5	5	46238
185.052	0.0	T6	6	46263
185.152	0.0	T7	7	46288
185.252	0.0	T8	8	46313
185.352	0.0	T9	9	46338
185.452	0.0	T10	10	46363
185.552	0.0	T1	1	46388
185.652	0.0	T2	2	46413
185.752	0.0	T3	3	46438
185.852	0.0	T4	4	46463
185.952	0.0	T5	5	46488
186.056	0.0	T6	6	46514
186.156	0.0	T7	7	46539
186.252	0.0	T8	8	46563
186.352	0.0	T9	9	46588
186.452	0.0	T10	10	46613
186.556	0.0	T1	1	46639
186.652	0.0	T2	2	46663
186.756	0.0	T3	3	46689
186.856	0.0	T4	4	46714
186.952	0.0	T5	5	46738
187.052	0.0	T6	6	46763
187.152	0.0	T7	7	46788
187.252	0.0	T8	8	46813
187.352	0.0	T9	9	46838
187.452	0.0	T10	10	46863
187.552	0.0	T1	1	46888
187.656	0.0	T2	2	46914
187.756	0.0	T3	3	46939
187.852	0.0	T4	4	46963
187.956	0.0	T5	5	46989
188.052	0.0	T6	6	47013
188.156	0.0	T7	7	47039
188.252	0.0	T8	8	47063
188.352	0.0	T9	9	47088
188.452	0.0	T10	10	47113
188.552	0.0	T1	1	47138
188.656	0.0	T2	2	47164
188.756	0.0	T3	3	47189
188.856	0.0	T4	4	47214
188.952	0.0	T5	5	47238
189.056	0.0	T6	6	47264
189.156	0.0	T7	7	47289
189.256	0.0	T8	8	47314
189.356	0.0	T9	9	47339
189.456	0.0	T10	10	47364
189.552	0.0	T1	1	47388
189.652	0.0	T2	2	47413
189.752	0.0	T3	3	47438
189.856	0.0	T4	4	47464
189.956	0.0	T5	5	47489
190.056	0.0	T6	6	47514
190.152	0.0	T7	7	47538
190.252	0.0	T8	8	47563
190.352	0.0	T9	9	47588
190.452	0.0	T10	10	47613
190.552	0.0	T1	1	47638
190.656	0.0	T2	2	47664
190.756	0.0	T3	3	47689
190.856	0.0	T4	4	47714
190.956	0.0	T5	5	47739
191.052	0.0	T6	6	47763
191.156	0.0	T7	7	47789
191.256	0.0	T8	8	47814
191.352	0.0	T9	9	47838
191.456	0.0	T10	10	47864
191.552	0.0	T1	1	47888
191.652	0.0	T2	2	47913
191.752	0.0	T3	3	47938
191.856	0.0	T4	4	47964
191.956	0.0	T5	5	47989
192.056	0.0	T6	6	48014
192.156	0.0	T7	7	48039
192.256	0.0	T8	8	48064
192.356	0.0	T9	9	48089
192.456	0.0	T10	10	48114
192.556	0.0	T1	1	48139
192.656	0.0	T2	2	48164
192.752	0.0	T3	3	48188
192.852	0.0	T4	4	48213
192.952	0.0	T5	5	48238
193.052	0.0	T6	6	48263
193.152	0.0	T7	7	48288
193.252	0.0	T8	8	48313
193.352	0.0	T9	9	48338
193.452	0.0	T10	10	48363
193.552	0.0	T1	1	48388
193.652	0.0	T2	2	48413
193.752	0.0	T3	3	48438
193.852	0.0	T4	4	48463
193.952	0.0	T5	5	48488
194.052	0.0	T6	6	48513
194.152	0.0	T7	7	48538
194.252	0.0	T8	8	48563
194.352	0.0	T9	9	48588
194.452	0.0	T10	10	48613
194.552	0.0	T1	1	48638
194.652	0.0	T2	2	48663
194.752	0.0	T3	3	48688
194.852	0.0	T4	4	48713
194.952	0.0	T5	5	48738
195.052	0.0	T6	6	48763
195.152	0.0	T7	7	48788
195.252	0.0	T8	8	48813
195.352	0.0	T9	9	48838
195.452	0.0	T10	10	48863
195.552	0.0	T1	1	48888
195.652	0.0	T2	2	48913
195.752	0.0	T3	3	48938
195.852	0.0	T4	4	48963
195.952	0.0	T5	5	48988
196.052	0.0	T6	6	49013
196.152	0.0	T7	7	49038
196.252	0.0	T8	8	49063
196.352	0.0	T9	9	49088
196.452	0.0	T10	10	49113
196.552	0.0	T1	1	49138
196.652	0.0	T2	2	49163
196.752	0.0	T3	3	49188
196.852	0.0	T4	4	49213
196.952	0.0	T5	5	49238
197.052	0.0	T6	6	49263
197.152	0.0	T7	7	49288
197.252	0.0	T8	8	49313
197.352	0.0	T9	9	49338
197.452	0.0	T10	10	49363
197.552	0.0	T1	1	49388
197.652	0.0	T2	2	49413
197.752	0.0	T3	3	49438
197.852	0.0	T4	4	49463
197.952	0.0	T5	5	49488
198.052	0.0	T6	6	49513
198.152	0.0	T7	7	49538
198.252	0.0	T8	8	49563
198.352	0.0	T9	9	49588
198.452	0.0	T10	10	49613
198.588	0.0	T1	1	49647
198.688	0.0	T2	2	49672
198.788	0.0	T3	3	49697
198.888	0.0	T4	4	49722
198.988	0.0	T5	5	49747
199.088	0.0	T6	6	49772
199.188	0.0	T7	7	49797
199.288	0.0	T8	8	49822
199.388	0.0	T9	9	49847
199.488	0.0	T10	10	49872
217.972	0.0	T1	1	54493
218.072	0.0	T2	2	54518
218.172	0.0	T3	3	54543
218.272	0.0	T4	4	54568
218.372	0.0	T5	5	54593
218.472	0.0	T6	6	54618
218.568	0.0	T7	7	54642
218.668	0.0	T8	8	54667
218.772	0.0	T9	9	54693
218.872	0.0	T10	10	54718
218.972	0.0	T1	1	54743
219.072	0.0	T2	2	54768
219.172	0.0	T3	3	54793
219.268	0.0	T4	4	54817
219.368	0.0	T5	5	54842
219.472	0.0	T6	6	54868
219.568	0.0	T7	7	54892
219.668	0.0	T8	8	54917
219.768	0.0	T9	9	54942
219.868	0.0	T10	10	54967
219.972	0.0	T1	1	54993
220.072	0.0	T2	2	55018
220.172	0.0	T3	3	55043
220.272	0.0	T4	4	55068
220.368	0.0	T5	5	55092
220.472	0.0	T6	6	55118
220.568	0.0	T7	7	55142
220.672	0.0	T8	8	55168
220.772	0.0	T9	9	55193
220.868	0.0	T10	10	55217
220.968	0.0	T1	1	55242
221.068	0.0	T2	2	55267
221.172	0.0	T3	3	55293
221.272	0.0	T4	4	55318
221.372	0.0	T5	5	55343
221.472	0.0	T6	6	55368
221.568	0.0	T7	7	55392
221.668	0.0	T8	8	55417
221.768	0.0	T9	9	55442
221.872	0.0	T10	10	55468
221.972	0.0	T1	1	55493
222.072	0.0	T2	2	55518
222.168	0.0	T3	3	55542
222.268	0.0	T4	4	55567
222.368	0.0	T5	5	55592
222.468	0.0	T6	6	55617
222.568	0.0	T7	7	55642
222.668	0.0	T8	8	55667
222.768	0.0	T9	9	55692
222.868	0.0	T10	10	55717
222.968	0.0	T1	1	55742
223.068	0.0	T2	2	55767
223.168	0.0	T3	3	55792
223.268	0.0	T4	4	55817
223.368	0.0	T5	5	55842
223.468	0.0	T6	6	55867
223.568	0.0	T7	7	55892
223.668	0.0	T8	8	55917
223.768	0.0	T9	9	55942
223.868	0.0	T10	10	55967
223.968	0.0	T1	1	55992
224.068	0.0	T2	2	56017
224.168	0.0	T3	3	56042
224.268	0.0	T4	4	56067
224.368	0.0	T5	5	56092
224.468	0.0	T6	6	56117
224.568	0.0	T7	7	56142
224.668	0.0	T8	8	56167
224.768	0.0	T9	9	56192
224.868	0.0	T10	10	56217
224.968	0.0	T1	1	56242
225.068	0.0	T2	2	56267
225.168	0.0	T3	3	56292
225.268	0.0	T4	4	56317
225.368	0.0	T5	5	56342
225.468	0.0	T6	6	56367
225.568	0.0	T7	7	56392
225.668	0.0	T8	8	56417
225.768	0.0	T9	9	56442
225.868	0.0	T10	10	56467
225.968	0.0	T1	1	56492
226.068	0.0	T2	2	56517
226.168	0.0	T3	3	56542
226.268	0.0	T4	4	56567
226.368	0.0	T5	5	56592
226.468	0.0	T6	6	56617
226.572	0.0	T7	7	56643
226.668	0.0	T8	8	56667
226.768	0.0	T9	9	56692
226.868	0.0	T10	10	56717
226.968	0.0	T1	1	56742
227.068	0.0	T2	2	56767
227.168	0.0	T3	3	56792
227.268	0.0	T4	4	56817
227.368	0.0	T5	5	56842
227.468	0.0	T6	6	56867
227.568	0.0	T7	7	56892
227.668	0.0	T8	8	56917
227.768	0.0	T9	9	56942
227.868	0.0	T10	10	56967
227.968	0.0	T1	1	56992
228.072	0.0	T2	2	57018
228.168	0.0	T3	3	57042
228.268	0.0	T4	4	57067
228.368	0.0	T5	5	57092
228.468	0.0	T6	6	57117
228.568	0.0	T7	7	57142
228.668	0.0	T8	8	57167
228.768	0.0	T9	9	57192
228.868	0.0	T10	10	57217
228.968	0.0	T1	1	57242
229.068	0.0	T2	2	57267
229.168	0.0	T3	3	57292
229.268	0.0	T4	4	57317
229.368	0.0	T5	5	57342
229.468	0.0	T6	6	57367
229.568	0.0	T7	7	57392
229.668	0.0	T8	8	57417
229.768	0.0	T9	9	57442
229.872	0.0	T10	10	57468
229.968	0.0	T1	1	57492
230.068	0.0	T2	2	57517
230.168	0.0	T3	3	57542
230.268	0.0	T4	4	57567
230.368	0.0	T5	5	57592
230.468	0.0	T6	6	57617
230.568	0.0	T7	7	57642
230.668	0.0	T8	8	57667
230.768	0.0	T9	9	57692
230.868	0.0	T10	10	57717
230.968	0.0	T1	1	57742
231.068	0.0	T2	2	57767
231.168	0.0	T3	3	57792
231.268	0.0	T4	4	57817
231.368	0.0	T5	5	57842
231.468	0.0	T6	6	57867
231.568	0.0	T7	7	57892
231.668	0.0	T8	8	57917
231.768	0.0	T9	9	57942
231.868	0.0	T10	10	57967
231.968	0.0	T1	1	57992
232.068	0.0	T2	2	58017
232.168	0.0	T3	3	58042
232.268	0.0	T4	4	58067
232.368	0.0	T5	5	58092
232.468	0.0	T6	6	58117
232.568	0.0	T7	7	58142
232.668	0.0	T8	8	58167
232.768	0.0	T9	9	58192
232.868	0.0	T10	10	58217
232.968	0.0	T1	1	58242
233.068	0.0	T2	2	58267
233.168	0.0	T3	3	58292
233.268	0.0	T4	4	58317
233.368	0.0	T5	5	58342
233.468	0.0	T6	6	58367
233.568	0.0	T7	7	58392
233.668	0.0	T8	8	58417
233.768	0.0	T9	9	58442
233.872	0.0	T10	10	58468
233.968	0.0	T1	1	58492
234.068	0.0	T2	2	58517
234.168	0.0	T3	3	58542
234.268	0.0	T4	4	58567
234.368	0.0	T5	5	58592
234.468	0.0	T6	6	58617
234.568	0.0	T7	7	58642
234.668	0.0	T8	8	58667
234.768	0.0	T9	9	58692
234.868	0.0	T10	10	58717
234.968	0.0	T1	1	58742
235.068	0.0	T2	2	58767
235.168	0.0	T3	3	58792
235.268	0.0	T4	4	58817
235.368	0.0	T5	5	58842
235.468	0.0	T6	6	58867
235.568	0.0	T7	7	58892
235.668	0.0	T8	8	58917
235.768	0.0	T9	9	58942
235.868	0.0	T10	10	58967
235.968	0.0	T1	1	58992
236.068	0.0	T2	2	59017
236.168	0.0	T3	3	59042
236.268	0.0	T4	4	59067
236.368	0.0	T5	5	59092
236.468	0.0	T6	6	59117
236.568	0.0	T7	7	59142
236.668	0.0	T8	8	59167
236.768	0.0	T9	9	59192
236.868	0.0	T10	10	59217
236.968	0.0	T1	1	59242
237.068	0.0	T2	2	59267
237.168	0.0	T3	3	59292
237.268	0.0	T4	4	59317
237.368	0.0	T5	5	59342
237.468	0.0	T6	6	59367
237.568	0.0	T7	7	59392
237.668	0.0	T8	8	59417
237.768	0.0	T9	9	59442
237.868	0.0	T10	10	59467
237.968	0.0	T1	1	59492
238.068	0.0	T2	2	59517
238.168	0.0	T3	3	59542
238.268	0.0	T4	4	59567
238.368	0.0	T5	5	59592
238.468	0.0	T6	6	59617
238.568	0.0	T7	7	59642
238.668	0.0	T8	8	59667
238.768	0.0	T9	9	59692
238.868	0.0	T10	10	59717
238.968	0.0	T1	1	59742
239.068	0.0	T2	2	59767
239.168	0.0	T3	3	59792
239.268	0.0	T4	4	59817
239.368	0.0	T5	5	59842
239.468	0.0	T6	6	59867
239.568	0.0	T7	7	59892
239.668	0.0	T8	8	59917
239.768	0.0	T9	9	59942
239.868	0.0	T10	10	59967
239.968	0.0	T1	1	59992
240.068	0.0	T2	2	60017
240.168	0.0	T3	3	60042
240.268	0.0	T4	4	60067
240.368	0.0	T5	5	60092
240.468	0.0	T6	6	60117
240.568	0.0	T7	7	60142
240.668	0.0	T8	8	60167
240.768	0.0	T9	9	60192
240.868	0.0	T10	10	60217
240.968	0.0	T1	1	60242
241.068	0.0	T2	2	60267
241.168	0.0	T3	3	60292
241.268	0.0	T4	4	60317
241.368	0.0	T5	5	60342
241.468	0.0	T6	6	60367
241.568	0.0	T7	7	60392
241.668	0.0	T8	8	60417
241.768	0.0	T9	9	60442
241.868	0.0	T10	10	60467
241.968	0.0	T1	1	60492
242.068	0.0	T2	2	60517
242.168	0.0	T3	3	60542
242.268	0.0	T4	4	60567
242.368	0.0	T5	5	60592
242.468	0.0	T6	6	60617
242.568	0.0	T7	7	60642
242.668	0.0	T8	8	60667
242.768	0.0	T9	9	60692
242.868	0.0	T10	10	60717
242.968	0.0	T1	1	60742
243.068	0.0	T2	2	60767
243.168	0.0	T3	3	60792
243.268	0.0	T4	4	60817
243.368	0.0	T5	5	60842
243.468	0.0	T6	6	60867
243.568	0.0	T7	7	60892
243.668	0.0	T8	8	60917
243.768	0.0	T9	9	60942
243.868	0.0	T10	10	60967
243.968	0.0	T1	1	60992
244.068	0.0	T2	2	61017
244.168	0.0	T3	3	61042
244.268	0.0	T4	4	61067
244.368	0.0	T5	5	61092
244.468	0.0	T6	6	61117
244.568	0.0	T7	7	61142
244.668	0.0	T8	8	61167
244.768	0.0	T9	9	61192
244.868	0.0	T10	10	61217
244.968	0.0	T1	1	61242
245.068	0.0	T2	2	61267
245.168	0.0	T3	3	61292
245.268	0.0	T4	4	61317
245.368	0.0	T5	5	61342
245.468	0.0	T6	6	61367
245.568	0.0	T7	7	61392
245.668	0.0	T8	8	61417
245.768	0.0	T9	9	61442
245.868	0.0	T10	10	61467
245.968	0.0	T1	1	61492
246.068	0.0	T2	2	61517
246.168	0.0	T3	3	61542
246.268	0.0	T4	4	61567
246.368	0.0	T5	5	61592
246.468	0.0	T6	6	61617
246.568	0.0	T7	7	61642
246.668	0.0	T8	8	61667
246.768	0.0	T9	9	61692
246.868	0.0	T10	10	61717
246.968	0.0	T1	1	61742
247.068	0.0	T2	2	61767
247.168	0.0	T3	3	61792
247.268	0.0	T4	4	61817
247.368	0.0	T5	5	61842
247.468	0.0	T6	6	61867
247.568	0.0	T7	7	61892
247.668	0.0	T8	8	61917
247.768	0.0	T9	9	61942
247.868	0.0	T10	10	61967
247.968	0.0	T1	1	61992
248.068	0.0	T2	2	62017
248.168	0.0	T3	3	62042
248.268	0.0	T4	4	62067
248.368	0.0	T5	5	62092
248.468	0.0	T6	6	62117
248.568	0.0	T7	7	62142
248.668	0.0	T8	8	62167
248.768	0.0	T9	9	62192
248.868	0.0	T10	10	62217
248.968	0.0	T1	1	62242
249.068	0.0	T2	2	62267
249.168	0.0	T3	3	62292
249.268	0.0	T4	4	62317
249.368	0.0	T5	5	62342
249.468	0.0	T6	6	62367
249.568	0.0	T7	7	62392
249.668	0.0	T8	8	62417
249.768	0.0	T9	9	62442
249.868	0.0	T10	10	62467
249.968	0.0	T1	1	62492
250.068	0.0	T2	2	62517
250.168	0.0	T3	3	62542
250.268	0.0	T4	4	62567
250.368	0.0	T5	5	62592
250.468	0.0	T6	6	62617
250.568	0.0	T7	7	62642
250.668	0.0	T8	8	62667
250.768	0.0	T9	9	62692
250.872	0.0	T10	10	62718
250.968	0.0	T1	1	62742
251.068	0.0	T2	2	62767
251.168	0.0	T3	3	62792
251.268	0.0	T4	4	62817
251.368	0.0	T5	5	62842
251.468	0.0	T6	6	62867
251.568	0.0	T7	7	62892
251.668	0.0	T8	8	62917
251.768	0.0	T9	9	62942
251.868	0.0	T10	10	62967
251.968	0.0	T1	1	62992
252.068	0.0	T2	2	63017
252.168	0.0	T3	3	63042
252.268	0.0	T4	4	63067
252.368	0.0	T5	5	63092
252.468	0.0	T6	6	63117
252.568	0.0	T7	7	63142
252.668	0.0	T8	8	63167
252.768	0.0	T9	9	63192
252.868	0.0	T10	10	63217
252.968	0.0	T1	1	63242
253.068	0.0	T2	2	63267
253.168	0.0	T3	3	63292
253.268	0.0	T4	4	63317
253.368	0.0	T5	5	63342
253.468	0.0	T6	6	63367
253.568	0.0	T7	7	63392
253.668	0.0	T8	8	63417
253.768	0.0	T9	9	63442
253.868	0.0	T10	10	63467
253.968	0.0	T1	1	63492
254.068	0.0	T2	2	63517
254.168	0.0	T3	3	63542
254.268	0.0	T4	4	63567
254.368	0.0	T5	5	63592
254.468	0.0	T6	6	63617
254.568	0.0	T7	7	63642
254.668	0.0	T8	8	63667
254.768	0.0	T9	9	63692
254.868	0.0	T10	10	63717
254.968	0.0	T1	1	63742
255.068	0.0	T2	2	63767
255.168	0.0	T3	3	63792
255.268	0.0	T4	4	63817
255.368	0.0	T5	5	63842
255.468	0.0	T6	6	63867
255.568	0.0	T7	7	63892
255.668	0.0	T8	8	63917
255.768	0.0	T9	9	63942
255.868	0.0	T10	10	63967
255.968	0.0	T1	1	63992
256.068	0.0	T2	2	64017
256.168	0.0	T3	3	64042
256.268	0.0	T4	4	64067
256.368	0.0	T5	5	64092
256.468	0.0	T6	6	64117
256.568	0.0	T7	7	64142
256.668	0.0	T8	8	64167
256.768	0.0	T9	9	64192
256.868	0.0	T10	10	64217
256.968	0.0	T1	1	64242
257.068	0.0	T2	2	64267
257.168	0.0	T3	3	64292
257.268	0.0	T4	4	64317
257.368	0.0	T5	5	64342
257.468	0.0	T6	6	64367
257.568	0.0	T7	7	64392
257.668	0.0	T8	8	64417
257.768	0.0	T9	9	64442
257.868	0.0	T10	10	64467
257.968	0.0	T1	1	64492
258.068	0.0	T2	2	64517
258.168	0.0	T3	3	64542
258.268	0.0	T4	4	64567
258.368	0.0	T5	5	64592
258.468	0.0	T6	6	64617
258.568	0.0	T7	7	64642
258.668	0.0	T8	8	64667
258.768	0.0	T9	9	64692
258.868	0.0	T10	10	64717
258.968	0.0	T1	1	64742
259.068	0.0	T2	2	64767
259.168	0.0	T3	3	64792
259.268	0.0	T4	4	64817
259.368	0.0	T5	5	64842
259.468	0.0	T6	6	64867
259.568	0.0	T7	7	64892
259.668	0.0	T8	8	64917
259.768	0.0	T9	9	64942
259.868	0.0	T10	10	64967
259.968	0.0	T1	1	64992
260.068	0.0	T2	2	65017
260.168	0.0	T3	3	65042
260.268	0.0	T4	4	65067
260.368	0.0	T5	5	65092
260.468	0.0	T6	6	65117
260.568	0.0	T7	7	65142
260.668	0.0	T8	8	65167
260.768	0.0	T9	9	65192
260.868	0.0	T10	10	65217
260.968	0.0	T1	1	65242
261.068	0.0	T2	2	65267
261.168	0.0	T3	3	65292
261.268	0.0	T4	4	65317
261.368	0.0	T5	5	65342
261.468	0.0	T6	6	65367
261.568	0.0	T7	7	65392
261.668	0.0	T8	8	65417
261.768	0.0	T9	9	65442
261.868	0.0	T10	10	65467
261.968	0.0	T1	1	65492
262.068	0.0	T2	2	65517
262.168	0.0	T3	3	65542
262.268	0.0	T4	4	65567
262.368	0.0	T5	5	65592
262.468	0.0	T6	6	65617
262.568	0.0	T7	7	65642
262.668	0.0	T8	8	65667
262.768	0.0	T9	9	65692
262.868	0.0	T10	10	65717
262.968	0.0	T1	1	65742
263.068	0.0	T2	2	65767
263.168	0.0	T3	3	65792
263.268	0.0	T4	4	65817
263.368	0.0	T5	5	65842
263.468	0.0	T6	6	65867
263.568	0.0	T7	7	65892
263.668	0.0	T8	8	65917
263.768	0.0	T9	9	65942
263.868	0.0	T10	10	65967
263.968	0.0	T1	1	65992
264.068	0.0	T2	2	66017
264.168	0.0	T3	3	66042
264.268	0.0	T4	4	66067
264.368	0.0	T5	5	66092
264.468	0.0	T6	6	66117
264.568	0.0	T7	7	66142
264.668	0.0	T8	8	66167
264.768	0.0	T9	9	66192
264.868	0.0	T10	10	66217
264.968	0.0	T1	1	66242
265.068	0.0	T2	2	66267
265.168	0.0	T3	3	66292
265.268	0.0	T4	4	66317
265.368	0.0	T5	5	66342
265.468	0.0	T6	6	66367
265.568	0.0	T7	7	66392
265.668	0.0	T8	8	66417
265.768	0.0	T9	9	66442
265.868	0.0	T10	10	66467
265.968	0.0	T1	1	66492
266.068	0.0	T2	2	66517
266.168	0.0	T3	3	66542
266.268	0.0	T4	4	66567
266.368	0.0	T5	5	66592
266.468	0.0	T6	6	66617
266.568	0.0	T7	7	66642
266.668	0.0	T8	8	66667
266.768	0.0	T9	9	66692
266.868	0.0	T10	10	66717
266.968	0.0	T1	1	66742
267.068	0.0	T2	2	66767
267.168	0.0	T3	3	66792
267.268	0.0	T4	4	66817
267.368	0.0	T5	5	66842
267.472	0.0	T6	6	66868
267.568	0.0	T7	7	66892
267.668	0.0	T8	8	66917
267.768	0.0	T9	9	66942
267.868	0.0	T10	10	66967
267.968	0.0	T1	1	66992
268.068	0.0	T2	2	67017
268.168	0.0	T3	3	67042
268.268	0.0	T4	4	67067
268.368	0.0	T5	5	67092
268.468	0.0	T6	6	67117
268.568	0.0	T7	7	67142
268.668	0.0	T8	8	67167
268.768	0.0	T9	9	67192
268.868	0.0	T10	10	67217
268.968	0.0	T1	1	67242
269.068	0.0	T2	2	67267
269.168	0.0	T3	3	67292
269.268	0.0	T4	4	67317
269.368	0.0	T5	5	67342
269.468	0.0	T6	6	67367
269.568	0.0	T7	7	67392
269.668	0.0	T8	8	67417
269.768	0.0	T9	9	67442
269.868	0.0	T10	10	67467
269.968	0.0	T1	1	67492
270.068	0.0	T2	2	67517
270.168	0.0	T3	3	67542
270.268	0.0	T4	4	67567
270.368	0.0	T5	5	67592
270.468	0.0	T6	6	67617
270.568	0.0	T7	7	67642
270.668	0.0	T8	8	67667
270.768	0.0	T9	9	67692
270.868	0.0	T10	10	67717
270.968	0.0	T1	1	67742
271.068	0.0	T2	2	67767
271.168	0.0	T3	3	67792
271.268	0.0	T4	4	67817
271.368	0.0	T5	5	67842
271.468	0.0	T6	6	67867
271.568	0.0	T7	7	67892
271.668	0.0	T8	8	67917
271.768	0.0	T9	9	67942
271.868	0.0	T10	10	67967
271.968	0.0	T1	1	67992
272.068	0.0	T2	2	68017
272.168	0.0	T3	3	68042
272.268	0.0	T4	4	68067
272.368	0.0	T5	5	68092
272.468	0.0	T6	6	68117
272.568	0.0	T7	7	68142
272.668	0.0	T8	8	68167
272.768	0.0	T9	9	68192
272.868	0.0	T10	10	68217
272.968	0.0	T1	1	68242
273.068	0.0	T2	2	68267
273.168	0.0	T3	3	68292
273.268	0.0	T4	4	68317
273.368	0.0	T5	5	68342
273.468	0.0	T6	6	68367
273.568	0.0	T7	7	68392
273.668	0.0	T8	8	68417
273.768	0.0	T9	9	68442
273.868	0.0	T10	10	68467
273.968	0.0	T1	1	68492
274.068	0.0	T2	2	68517
274.168	0.0	T3	3	68542
274.268	0.0	T4	4	68567
274.368	0.0	T5	5	68592
274.468	0.0	T6	6	68617
274.568	0.0	T7	7	68642
274.668	0.0	T8	8	68667
274.768	0.0	T9	9	68692
274.868	0.0	T10	10	68717
274.968	0.0	T1	1	68742
275.068	0.0	T2	2	68767
275.168	0.0	T3	3	68792
275.268	0.0	T4	4	68817
275.368	0.0	T5	5	68842
275.468	0.0	T6	6	68867
275.568	0.0	T7	7	68892
275.668	0.0	T8	8	68917
275.768	0.0	T9	9	68942
275.868	0.0	T10	10	68967
275.968	0.0	T1	1	68992
276.068	0.0	T2	2	69017
276.168	0.0	T3	3	69042
276.268	0.0	T4	4	69067
276.368	0.0	T5	5	69092
276.468	0.0	T6	6	69117
276.568	0.0	T7	7	69142
276.668	0.0	T8	8	69167
276.768	0.0	T9	9	69192
276.868	0.0	T10	10	69217
276.968	0.0	T1	1	69242
277.068	0.0	T2	2	69267
277.168	0.0	T3	3	69292
277.268	0.0	T4	4	69317
277.368	0.0	T5	5	69342
277.468	0.0	T6	6	69367
277.568	0.0	T7	7	69392
277.668	0.0	T8	8	69417
277.768	0.0	T9	9	69442
277.868	0.0	T10	10	69467
277.968	0.0	T1	1	69492
278.068	0.0	T2	2	69517
278.168	0.0	T3	3	69542
278.268	0.0	T4	4	69567
278.368	0.0	T5	5	69592
278.468	0.0	T6	6	69617
278.568	0.0	T7	7	69642
278.668	0.0	T8	8	69667
278.768	0.0	T9	9	69692
278.868	0.0	T10	10	69717
278.968	0.0	T1	1	69742
279.068	0.0	T2	2	69767
279.168	0.0	T3	3	69792
279.268	0.0	T4	4	69817
279.368	0.0	T5	5	69842
279.468	0.0	T6	6	69867
279.568	0.0	T7	7	69892
279.668	0.0	T8	8	69917
279.768	0.0	T9	9	69942
279.868	0.0	T10	10	69967
279.968	0.0	T1	1	69992
280.068	0.0	T2	2	70017
280.168	0.0	T3	3	70042
280.268	0.0	T4	4	70067
280.368	0.0	T5	5	70092
280.468	0.0	T6	6	70117
280.568	0.0	T7	7	70142
280.668	0.0	T8	8	70167
280.768	0.0	T9	9	70192
280.868	0.0	T10	10	70217
280.968	0.0	T1	1	70242
281.068	0.0	T2	2	70267
281.168	0.0	T3	3	70292
281.268	0.0	T4	4	70317
281.368	0.0	T5	5	70342
281.468	0.0	T6	6	70367
281.568	0.0	T7	7	70392
281.668	0.0	T8	8	70417
281.768	0.0	T9	9	70442
281.868	0.0	T10	10	70467
281.968	0.0	T1	1	70492
282.068	0.0	T2	2	70517
282.168	0.0	T3	3	70542
282.268	0.0	T4	4	70567
282.368	0.0	T5	5	70592
282.468	0.0	T6	6	70617
282.568	0.0	T7	7	70642
282.668	0.0	T8	8	70667
282.768	0.0	T9	9	70692
282.868	0.0	T10	10	70717
282.968	0.0	T1	1	70742
283.068	0.0	T2	2	70767
283.168	0.0	T3	3	70792
283.268	0.0	T4	4	70817
283.368	0.0	T5	5	70842
283.468	0.0	T6	6	70867
283.568	0.0	T7	7	70892
283.668	0.0	T8	8	70917
283.768	0.0	T9	9	70942
283.868	0.0	T10	10	70967
283.968	0.0	T1	1	70992
284.068	0.0	T2	2	71017
284.168	0.0	T3	3	71042
284.268	0.0	T4	4	71067
284.368	0.0	T5	5	71092
284.468	0.0	T6	6	71117
284.568	0.0	T7	7	71142
284.668	0.0	T8	8	71167
284.768	0.0	T9	9	71192
284.868	0.0	T10	10	71217
284.968	0.0	T1	1	71242
285.068	0.0	T2	2	71267
285.168	0.0	T3	3	71292
285.268	0.0	T4	4	71317
285.368	0.0	T5	5	71342
285.468	0.0	T6	6	71367
285.568	0.0	T7	7	71392
285.668	0.0	T8	8	71417
285.768	0.0	T9	9	71442
285.868	0.0	T10	10	71467
285.968	0.0	T1	1	71492
286.068	0.0	T2	2	71517
286.168	0.0	T3	3	71542
286.268	0.0	T4	4	71567
286.368	0.0	T5	5	71592
286.468	0.0	T6	6	71617
286.568	0.0	T7	7	71642
286.668	0.0	T8	8	71667
286.768	0.0	T9	9	71692
286.868	0.0	T10	10	71717
286.968	0.0	T1	1	71742
287.068	0.0	T2	2	71767
287.168	0.0	T3	3	71792
287.268	0.0	T4	4	71817
287.368	0.0	T5	5	71842
287.468	0.0	T6	6	71867
287.568	0.0	T7	7	71892
287.668	0.0	T8	8	71917
287.768	0.0	T9	9	71942
287.868	0.0	T10	10	71967
287.968	0.0	T1	1	71992
288.068	0.0	T2	2	72017
288.168	0.0	T3	3	72042
288.268	0.0	T4	4	72067
288.368	0.0	T5	5	72092
288.468	0.0	T6	6	72117
288.568	0.0	T7	7	72142
288.668	0.0	T8	8	72167
288.768	0.0	T9	9	72192
288.868	0.0	T10	10	72217
288.968	0.0	T1	1	72242
289.068	0.0	T2	2	72267
289.168	0.0	T3	3	72292
289.268	0.0	T4	4	72317
289.368	0.0	T5	5	72342
289.468	0.0	T6	6	72367
289.568	0.0	T7	7	72392
289.668	0.0	T8	8	72417
289.768	0.0	T9	9	72442
289.868	0.0	T10	10	72467
289.968	0.0	T1	1	72492
290.068	0.0	T2	2	72517
290.168	0.0	T3	3	72542
290.268	0.0	T4	4	72567
290.368	0.0	T5	5	72592
290.468	0.0	T6	6	72617
290.568	0.0	T7	7	72642
290.668	0.0	T8	8	72667
290.768	0.0	T9	9	72692
290.868	0.0	T10	10	72717
290.968	0.0	T1	1	72742
291.068	0.0	T2	2	72767
291.168	0.0	T3	3	72792
291.268	0.0	T4	4	72817
291.368	0.0	T5	5	72842
291.468	0.0	T6	6	72867
291.568	0.0	T7	7	72892
291.668	0.0	T8	8	72917
291.768	0.0	T9	9	72942
291.868	0.0	T10	10	72967
291.968	0.0	T1	1	72992
292.068	0.0	T2	2	73017
292.168	0.0	T3	3	73042
292.268	0.0	T4	4	73067
292.368	0.0	T5	5	73092
292.468	0.0	T6	6	73117
292.568	0.0	T7	7	73142
292.668	0.0	T8	8	73167
292.768	0.0	T9	9	73192
292.868	0.0	T10	10	73217
292.968	0.0	T1	1	73242
293.068	0.0	T2	2	73267
293.168	0.0	T3	3	73292
293.268	0.0	T4	4	73317
293.368	0.0	T5	5	73342
293.468	0.0	T6	6	73367
293.568	0.0	T7	7	73392
293.668	0.0	T8	8	73417
293.768	0.0	T9	9	73442
293.868	0.0	T10	10	73467
293.968	0.0	T1	1	73492
294.068	0.0	T2	2	73517
294.168	0.0	T3	3	73542
294.268	0.0	T4	4	73567
294.368	0.0	T5	5	73592
294.468	0.0	T6	6	73617
294.568	0.0	T7	7	73642
294.668	0.0	T8	8	73667
294.768	0.0	T9	9	73692
294.868	0.0	T10	10	73717
294.968	0.0	T1	1	73742
295.068	0.0	T2	2	73767
295.168	0.0	T3	3	73792
295.268	0.0	T4	4	73817
295.368	0.0	T5	5	73842
295.468	0.0	T6	6	73867
295.568	0.0	T7	7	73892
295.668	0.0	T8	8	73917
295.768	0.0	T9	9	73942
295.868	0.0	T10	10	73967
295.968	0.0	T1	1	73992
296.068	0.0	T2	2	74017
296.168	0.0	T3	3	74042
296.268	0.0	T4	4	74067
296.368	0.0	T5	5	74092
296.468	0.0	T6	6	74117
296.568	0.0	T7	7	74142
296.668	0.0	T8	8	74167
296.768	0.0	T9	9	74192
296.868	0.0	T10	10	74217
296.968	0.0	T1	1	74242
297.068	0.0	T2	2	74267
297.168	0.0	T3	3	74292
297.268	0.0	T4	4	74317
297.368	0.0	T5	5	74342
297.468	0.0	T6	6	74367
297.568	0.0	T7	7	74392
297.668	0.0	T8	8	74417
297.768	0.0	T9	9	74442
297.868	0.0	T10	10	74467
297.968	0.0	T1	1	74492
298.068	0.0	T2	2	74517
298.168	0.0	T3	3	74542
298.268	0.0	T4	4	74567
298.368	0.0	T5	5	74592
298.468	0.0	T6	6	74617
298.568	0.0	T7	7	74642
298.668	0.0	T8	8	74667
298.768	0.0	T9	9	74692
298.868	0.0	T10	10	74717
298.968	0.0	T1	1	74742
299.068	0.0	T2	2	74767
299.168	0.0	T3	3	74792
299.268	0.0	T4	4	74817
299.368	0.0	T5	5	74842
299.468	0.0	T6	6	74867
299.568	0.0	T7	7	74892
299.668	0.0	T8	8	74917
299.768	0.0	T9	9	74942
299.868	0.0	T10	10	74967
299.968	0.0	T1	1	74992
300.068	0.0	T2	2	75017
300.168	0.0	T3	3	75042
300.268	0.0	T4	4	75067
300.368	0.0	T5	5	75092
300.468	0.0	T6	6	75117
300.568	0.0	T7	7	75142
300.668	0.0	T8	8	75167
300.768	0.0	T9	9	75192
300.868	0.0	T10	10	75217
300.968	0.0	T1	1	75242
301.068	0.0	T2	2	75267
301.168	0.0	T3	3	75292
301.268	0.0	T4	4	75317
301.368	0.0	T5	5	75342
301.468	0.0	T6	6	75367
301.568	0.0	T7	7	75392
301.668	0.0	T8	8	75417
301.768	0.0	T9	9	75442
301.868	0.0	T10	10	75467
301.968	0.0	T1	1	75492
302.068	0.0	T2	2	75517
302.168	0.0	T3	3	75542
302.268	0.0	T4	4	75567
302.368	0.0	T5	5	75592
302.468	0.0	T6	6	75617
302.568	0.0	T7	7	75642
302.668	0.0	T8	8	75667
302.768	0.0	T9	9	75692
302.868	0.0	T10	10	75717
302.968	0.0	T1	1	75742
303.068	0.0	T2	2	75767
303.168	0.0	T3	3	75792
303.268	0.0	T4	4	75817
303.368	0.0	T5	5	75842
303.468	0.0	T6	6	75867
303.568	0.0	T7	7	75892
303.668	0.0	T8	8	75917
303.768	0.0	T9	9	75942
303.868	0.0	T10	10	75967
303.968	0.0	T1	1	75992
304.068	0.0	T2	2	76017
304.168	0.0	T3	3	76042
304.268	0.0	T4	4	76067
304.368	0.0	T5	5	76092
304.468	0.0	T6	6	76117
304.568	0.0	T7	7	76142
304.668	0.0	T8	8	76167
304.768	0.0	T9	9	76192
304.868	0.0	T10	10	76217
304.968	0.0	T1	1	76242
305.068	0.0	T2	2	76267
305.168	0.0	T3	3	76292
305.268	0.0	T4	4	76317
305.368	0.0	T5	5	76342
305.468	0.0	T6	6	76367
305.568	0.0	T7	7	76392
305.668	0.0	T8	8	76417
305.768	0.0	T9	9	76442
305.868	0.0	T10	10	76467
305.968	0.0	T1	1	76492
306.068	0.0	T2	2	76517
306.168	0.0	T3	3	76542
306.268	0.0	T4	4	76567
306.368	0.0	T5	5	76592
306.468	0.0	T6	6	76617
306.568	0.0	T7	7	76642
306.668	0.0	T8	8	76667
306.768	0.0	T9	9	76692
306.868	0.0	T10	10	76717
306.968	0.0	T1	1	76742
307.068	0.0	T2	2	76767
307.168	0.0	T3	3	76792
307.268	0.0	T4	4	76817
307.368	0.0	T5	5	76842
307.468	0.0	T6	6	76867
307.568	0.0	T7	7	76892
307.668	0.0	T8	8	76917
307.768	0.0	T9	9	76942
307.868	0.0	T10	10	76967
307.968	0.0	T1	1	76992
308.068	0.0	T2	2	77017
308.168	0.0	T3	3	77042
308.268	0.0	T4	4	77067
308.368	0.0	T5	5	77092
308.468	0.0	T6	6	77117
308.568	0.0	T7	7	77142
308.668	0.0	T8	8	77167
308.768	0.0	T9	9	77192
308.868	0.0	T10	10	77217
308.968	0.0	T1	1	77242
309.068	0.0	T2	2	77267
309.168	0.0	T3	3	77292
309.268	0.0	T4	4	77317
309.368	0.0	T5	5	77342
309.468	0.0	T6	6	77367
309.568	0.0	T7	7	77392
309.668	0.0	T8	8	77417
309.768	0.0	T9	9	77442
309.868	0.0	T10	10	77467
309.968	0.0	T1	1	77492
310.068	0.0	T2	2	77517
310.168	0.0	T3	3	77542
310.268	0.0	T4	4	77567
310.368	0.0	T5	5	77592
310.468	0.0	T6	6	77617
310.568	0.0	T7	7	77642
310.668	0.0	T8	8	77667
310.768	0.0	T9	9	77692
310.868	0.0	T10	10	77717
310.968	0.0	T1	1	77742
311.068	0.0	T2	2	77767
311.168	0.0	T3	3	77792
311.268	0.0	T4	4	77817
311.368	0.0	T5	5	77842
311.468	0.0	T6	6	77867
311.568	0.0	T7	7	77892
311.668	0.0	T8	8	77917
311.768	0.0	T9	9	77942
311.868	0.0	T10	10	77967
311.968	0.0	T1	1	77992
312.068	0.0	T2	2	78017
312.168	0.0	T3	3	78042
312.268	0.0	T4	4	78067
312.368	0.0	T5	5	78092
312.468	0.0	T6	6	78117
312.568	0.0	T7	7	78142
312.668	0.0	T8	8	78167
312.768	0.0	T9	9	78192
312.868	0.0	T10	10	78217
312.968	0.0	T1	1	78242
313.068	0.0	T2	2	78267
313.168	0.0	T3	3	78292
313.268	0.0	T4	4	78317
313.368	0.0	T5	5	78342
313.468	0.0	T6	6	78367
313.568	0.0	T7	7	78392
313.668	0.0	T8	8	78417
313.768	0.0	T9	9	78442
313.868	0.0	T10	10	78467
313.968	0.0	T1	1	78492
314.068	0.0	T2	2	78517
314.168	0.0	T3	3	78542
314.268	0.0	T4	4	78567
314.368	0.0	T5	5	78592
314.468	0.0	T6	6	78617
314.568	0.0	T7	7	78642
314.668	0.0	T8	8	78667
314.768	0.0	T9	9	78692
314.868	0.0	T10	10	78717
314.968	0.0	T1	1	78742
315.068	0.0	T2	2	78767
315.168	0.0	T3	3	78792
315.268	0.0	T4	4	78817
315.368	0.0	T5	5	78842
315.468	0.0	T6	6	78867
315.568	0.0	T7	7	78892
315.668	0.0	T8	8	78917
315.768	0.0	T9	9	78942
315.868	0.0	T10	10	78967
315.968	0.0	T1	1	78992
316.068	0.0	T2	2	79017
316.168	0.0	T3	3	79042
316.268	0.0	T4	4	79067
316.368	0.0	T5	5	79092
316.468	0.0	T6	6	79117
316.568	0.0	T7	7	79142
316.668	0.0	T8	8	79167
316.768	0.0	T9	9	79192
316.868	0.0	T10	10	79217
316.968	0.0	T1	1	79242
317.068	0.0	T2	2	79267
317.168	0.0	T3	3	79292
317.268	0.0	T4	4	79317
317.368	0.0	T5	5	79342
317.468	0.0	T6	6	79367
317.568	0.0	T7	7	79392
317.668	0.0	T8	8	79417
317.768	0.0	T9	9	79442
317.868	0.0	T10	10	79467
317.968	0.0	T1	1	79492
318.068	0.0	T2	2	79517
318.168	0.0	T3	3	79542
318.268	0.0	T4	4	79567
318.368	0.0	T5	5	79592
318.468	0.0	T6	6	79617
318.568	0.0	T7	7	79642
318.668	0.0	T8	8	79667
318.768	0.0	T9	9	79692
318.868	0.0	T10	10	79717
318.968	0.0	T1	1	79742
319.068	0.0	T2	2	79767
319.168	0.0	T3	3	79792
319.268	0.0	T4	4	79817
319.368	0.0	T5	5	79842
319.468	0.0	T6	6	79867
319.568	0.0	T7	7	79892
319.668	0.0	T8	8	79917
319.768	0.0	T9	9	79942
319.868	0.0	T10	10	79967
319.968	0.0	T1	1	79992
320.068	0.0	T2	2	80017
320.168	0.0	T3	3	80042
320.268	0.0	T4	4	80067
320.368	0.0	T5	5	80092
320.468	0.0	T6	6	80117
320.568	0.0	T7	7	80142
320.668	0.0	T8	8	80167
320.768	0.0	T9	9	80192
320.868	0.0	T10	10	80217
320.968	0.0	T1	1	80242
321.068	0.0	T2	2	80267
321.168	0.0	T3	3	80292
321.268	0.0	T4	4	80317
321.368	0.0	T5	5	80342
321.468	0.0	T6	6	80367
321.568	0.0	T7	7	80392
321.668	0.0	T8	8	80417
321.764	0.0	T9	9	80441
321.864	0.0	T10	10	80466
321.964	0.0	T1	1	80491
322.064	0.0	T2	2	80516
322.164	0.0	T3	3	80541
322.264	0.0	T4	4	80566
322.364	0.0	T5	5	80591
322.464	0.0	T6	6	80616
322.564	0.0	T7	7	80641
322.664	0.0	T8	8	80666
322.764	0.0	T9	9	80691
322.864	0.0	T10	10	80716
322.964	0.0	T1	1	80741
323.064	0.0	T2	2	80766
323.164	0.0	T3	3	80791
323.264	0.0	T4	4	80816
323.364	0.0	T5	5	80841
323.464	0.0	T6	6	80866
323.564	0.0	T7	7	80891
323.664	0.0	T8	8	80916
323.764	0.0	T9	9	80941
323.864	0.0	T10	10	80966
323.964	0.0	T1	1	80991
324.064	0.0	T2	2	81016
324.164	0.0	T3	3	81041
324.264	0.0	T4	4	81066
324.364	0.0	T5	5	81091
324.464	0.0	T6	6	81116
324.564	0.0	T7	7	81141
324.664	0.0	T8	8	81166
324.768	0.0	T9	9	81192
324.864	0.0	T10	10	81216
324.964	0.0	T1	1	81241
325.064	0.0	T2	2	81266
325.164	0.0	T3	3	81291
325.264	0.0	T4	4	81316
325.364	0.0	T5	5	81341
325.464	0.0	T6	6	81366
325.564	0.0	T7	7	81391
325.664	0.0	T8	8	81416
325.764	0.0	T9	9	81441
325.864	0.0	T10	10	81466
325.968	0.0	T1	1	81492
326.064	0.0	T2	2	81516
326.164	0.0	T3	3	81541
326.264	0.0	T4	4	81566
326.364	0.0	T5	5	81591
326.464	0.0	T6	6	81616
326.564	0.0	T7	7	81641
326.664	0.0	T8	8	81666
326.764	0.0	T9	9	81691
326.864	0.0	T10	10	81716
326.964	0.0	T1	1	81741
327.064	0.0	T2	2	81766
327.164	0.0	T3	3	81791
327.264	0.0	T4	4	81816
327.364	0.0	T5	5	81841
327.464	0.0	T6	6	81866
327.564	0.0	T7	7	81891
327.664	0.0	T8	8	81916
327.764	0.0	T9	9	81941
327.864	0.0	T10	10	81966
327.964	0.0	T1	1	81991
328.064	0.0	T2	2	82016
328.164	0.0	T3	3	82041
328.264	0.0	T4	4	82066
328.364	0.0	T5	5	82091
328.464	0.0	T6	6	82116
328.564	0.0	T7	7	82141
328.664	0.0	T8	8	82166
328.764	0.0	T9	9	82191
328.864	0.0	T10	10	82216
328.964	0.0	T1	1	82241
329.064	0.0	T2	2	82266
329.164	0.0	T3	3	82291
329.264	0.0	T4	4	82316
329.364	0.0	T5	5	82341
329.464	0.0	T6	6	82366
329.564	0.0	T7	7	82391
329.664	0.0	T8	8	82416
329.764	0.0	T9	9	82441
329.864	0.0	T10	10	82466
329.964	0.0	T1	1	82491
330.064	0.0	T2	2	82516
330.164	0.0	T3	3	82541
330.264	0.0	T4	4	82566
330.364	0.0	T5	5	82591
330.464	0.0	T6	6	82616
330.564	0.0	T7	7	82641
330.664	0.0	T8	8	82666
330.764	0.0	T9	9	82691
330.864	0.0	T10	10	82716
330.964	0.0	T1	1	82741
331.064	0.0	T2	2	82766
331.164	0.0	T3	3	82791
331.264	0.0	T4	4	82816
331.364	0.0	T5	5	82841
331.464	0.0	T6	6	82866
331.564	0.0	T7	7	82891
331.664	0.0	T8	8	82916
331.764	0.0	T9	9	82941
331.864	0.0	T10	10	82966
331.964	0.0	T1	1	82991
332.064	0.0	T2	2	83016
332.164	0.0	T3	3	83041
332.264	0.0	T4	4	83066
332.364	0.0	T5	5	83091
332.464	0.0	T6	6	83116
332.564	0.0	T7	7	83141
332.664	0.0	T8	8	83166
332.764	0.0	T9	9	83191
332.864	0.0	T10	10	83216
332.964	0.0	T1	1	83241
333.064	0.0	T2	2	83266
333.164	0.0	T3	3	83291
333.264	0.0	T4	4	83316
333.364	0.0	T5	5	83341
333.464	0.0	T6	6	83366
333.564	0.0	T7	7	83391
333.668	0.0	T8	8	83417
333.764	0.0	T9	9	83441
362.296	0.0	T1	1	90574
362.396	0.0	T2	2	90599
362.496	0.0	T3	3	90624
362.596	0.0	T4	4	90649
362.696	0.0	T5	5	90674
362.796	0.0	T6	6	90699
362.896	0.0	T7	7	90724
362.996	0.0	T8	8	90749
363.096	0.0	T9	9	90774
363.196	0.0	T10	10	90799
363.296	0.0	T1	1	90824
363.396	0.0	T2	2	90849
363.496	0.0	T3	3	90874
363.596	0.0	T4	4	90899
363.696	0.0	T5	5	90924
363.796	0.0	T6	6	90949
363.896	0.0	T7	7	90974
363.996	0.0	T8	8	90999
364.096	0.0	T9	9	91024
364.196	0.0	T10	10	91049
364.296	0.0	T1	1	91074
364.396	0.0	T2	2	91099
364.496	0.0	T3	3	91124
364.596	0.0	T4	4	91149
364.696	0.0	T5	5	91174
364.796	0.0	T6	6	91199
364.896	0.0	T7	7	91224
364.996	0.0	T8	8	91249
365.096	0.0	T9	9	91274
365.196	0.0	T10	10	91299
365.296	0.0	T1	1	91324
365.396	0.0	T2	2	91349
365.496	0.0	T3	3	91374
365.596	0.0	T4	4	91399
365.696	0.0	T5	5	91424
365.796	0.0	T6	6	91449
365.896	0.0	T7	7	91474
365.996	0.0	T8	8	91499
366.096	0.0	T9	9	91524
366.196	0.0	T10	10	91549
366.296	0.0	T1	1	91574
366.396	0.0	T2	2	91599
366.496	0.0	T3	3	91624
366.596	0.0	T4	4	91649
366.696	0.0	T5	5	91674
366.796	0.0	T6	6	91699
366.896	0.0	T7	7	91724
366.996	0.0	T8	8	91749
367.096	0.0	T9	9	91774
367.196	0.0	T10	10	91799
367.296	0.0	T1	1	91824
367.396	0.0	T2	2	91849
367.496	0.0	T3	3	91874
367.596	0.0	T4	4	91899
367.696	0.0	T5	5	91924
367.796	0.0	T6	6	91949
367.896	0.0	T7	7	91974
367.996	0.0	T8	8	91999
368.096	0.0	T9	9	92024
368.196	0.0	T10	10	92049
368.3	0.0	T1	1	92075
368.396	0.0	T2	2	92099
368.496	0.0	T3	3	92124
368.596	0.0	T4	4	92149
368.696	0.0	T5	5	92174
368.796	0.0	T6	6	92199
368.896	0.0	T7	7	92224
368.996	0.0	T8	8	92249
369.096	0.0	T9	9	92274
369.196	0.0	T10	10	92299
369.296	0.0	T1	1	92324
369.396	0.0	T2	2	92349
369.496	0.0	T3	3	92374
369.596	0.0	T4	4	92399
369.696	0.0	T5	5	92424
369.796	0.0	T6	6	92449
369.896	0.0	T7	7	92474
369.996	0.0	T8	8	92499
370.096	0.0	T9	9	92524
370.196	0.0	T10	10	92549
370.296	0.0	T1	1	92574
370.396	0.0	T2	2	92599
370.496	0.0	T3	3	92624
370.596	0.0	T4	4	92649
370.696	0.0	T5	5	92674
370.796	0.0	T6	6	92699
370.896	0.0	T7	7	92724
370.996	0.0	T8	8	92749
371.096	0.0	T9	9	92774
371.196	0.0	T10	10	92799
371.296	0.0	T1	1	92824
371.396	0.0	T2	2	92849
371.496	0.0	T3	3	92874
371.596	0.0	T4	4	92899
371.696	0.0	T5	5	92924
371.796	0.0	T6	6	92949
371.896	0.0	T7	7	92974
371.996	0.0	T8	8	92999
372.096	0.0	T9	9	93024
372.196	0.0	T10	10	93049
372.296	0.0	T1	1	93074
372.396	0.0	T2	2	93099
372.5	0.0	T3	3	93125
372.596	0.0	T4	4	93149
372.696	0.0	T5	5	93174
372.796	0.0	T6	6	93199
372.896	0.0	T7	7	93224
372.996	0.0	T8	8	93249
373.096	0.0	T9	9	93274
373.196	0.0	T10	10	93299
373.296	0.0	T1	1	93324
373.396	0.0	T2	2	93349
373.496	0.0	T3	3	93374
373.596	0.0	T4	4	93399
373.696	0.0	T5	5	93424
373.796	0.0	T6	6	93449
373.896	0.0	T7	7	93474
373.996	0.0	T8	8	93499
374.096	0.0	T9	9	93524
374.196	0.0	T10	10	93549
374.296	0.0	T1	1	93574
374.396	0.0	T2	2	93599
374.496	0.0	T3	3	93624
374.596	0.0	T4	4	93649
374.696	0.0	T5	5	93674
374.796	0.0	T6	6	93699
374.896	0.0	T7	7	93724
374.996	0.0	T8	8	93749
375.096	0.0	T9	9	93774
375.196	0.0	T10	10	93799
375.296	0.0	T1	1	93824
375.396	0.0	T2	2	93849
375.496	0.0	T3	3	93874
375.596	0.0	T4	4	93899
375.696	0.0	T5	5	93924
375.796	0.0	T6	6	93949
375.896	0.0	T7	7	93974
375.996	0.0	T8	8	93999
376.096	0.0	T9	9	94024
376.196	0.0	T10	10	94049
376.296	0.0	T1	1	94074
376.396	0.0	T2	2	94099
376.496	0.0	T3	3	94124
376.596	0.0	T4	4	94149
376.696	0.0	T5	5	94174
376.796	0.0	T6	6	94199
376.896	0.0	T7	7	94224
376.996	0.0	T8	8	94249
377.096	0.0	T9	9	94274
377.196	0.0	T10	10	94299
377.296	0.0	T1	1	94324
377.396	0.0	T2	2	94349
377.496	0.0	T3	3	94374
377.596	0.0	T4	4	94399
377.696	0.0	T5	5	94424
377.796	0.0	T6	6	94449
377.896	0.0	T7	7	94474
377.996	0.0	T8	8	94499
378.096	0.0	T9	9	94524
378.196	0.0	T10	10	94549
378.296	0.0	T1	1	94574
378.396	0.0	T2	2	94599
378.496	0.0	T3	3	94624
378.596	0.0	T4	4	94649
378.696	0.0	T5	5	94674
378.796	0.0	T6	6	94699
378.896	0.0	T7	7	94724
378.996	0.0	T8	8	94749
379.096	0.0	T9	9	94774
379.196	0.0	T10	10	94799
379.296	0.0	T1	1	94824
379.396	0.0	T2	2	94849
379.496	0.0	T3	3	94874
379.596	0.0	T4	4	94899
379.696	0.0	T5	5	94924
379.796	0.0	T6	6	94949
379.896	0.0	T7	7	94974
379.996	0.0	T8	8	94999
380.096	0.0	T9	9	95024
380.196	0.0	T10	10	95049
380.296	0.0	T1	1	95074
380.396	0.0	T2	2	95099
380.496	0.0	T3	3	95124
380.596	0.0	T4	4	95149
380.696	0.0	T5	5	95174
380.796	0.0	T6	6	95199
380.896	0.0	T7	7	95224
380.996	0.0	T8	8	95249
381.096	0.0	T9	9	95274
381.196	0.0	T10	10	95299
381.296	0.0	T1	1	95324
381.396	0.0	T2	2	95349
381.496	0.0	T3	3	95374
381.596	0.0	T4	4	95399
381.696	0.0	T5	5	95424
381.796	0.0	T6	6	95449
381.896	0.0	T7	7	95474
381.996	0.0	T8	8	95499
382.096	0.0	T9	9	95524
382.196	0.0	T10	10	95549
382.296	0.0	T1	1	95574
382.396	0.0	T2	2	95599
382.496	0.0	T3	3	95624
382.596	0.0	T4	4	95649
382.696	0.0	T5	5	95674
382.796	0.0	T6	6	95699
382.896	0.0	T7	7	95724
382.996	0.0	T8	8	95749
383.096	0.0	T9	9	95774
383.196	0.0	T10	10	95799
383.296	0.0	T1	1	95824
383.396	0.0	T2	2	95849
383.496	0.0	T3	3	95874
383.596	0.0	T4	4	95899
383.696	0.0	T5	5	95924
383.796	0.0	T6	6	95949
383.896	0.0	T7	7	95974
383.996	0.0	T8	8	95999
384.096	0.0	T9	9	96024
384.196	0.0	T10	10	96049
384.296	0.0	T1	1	96074
384.396	0.0	T2	2	96099
384.496	0.0	T3	3	96124
384.596	0.0	T4	4	96149
384.696	0.0	T5	5	96174
384.796	0.0	T6	6	96199
384.896	0.0	T7	7	96224
384.996	0.0	T8	8	96249
385.096	0.0	T9	9	96274
385.196	0.0	T10	10	96299
385.296	0.0	T1	1	96324
385.396	0.0	T2	2	96349
385.496	0.0	T3	3	96374
385.596	0.0	T4	4	96399
385.696	0.0	T5	5	96424
385.796	0.0	T6	6	96449
385.896	0.0	T7	7	96474
385.996	0.0	T8	8	96499
386.096	0.0	T9	9	96524
386.196	0.0	T10	10	96549
386.296	0.0	T1	1	96574
386.396	0.0	T2	2	96599
386.496	0.0	T3	3	96624
386.596	0.0	T4	4	96649
386.696	0.0	T5	5	96674
386.796	0.0	T6	6	96699
386.896	0.0	T7	7	96724
386.996	0.0	T8	8	96749
387.096	0.0	T9	9	96774
387.196	0.0	T10	10	96799
387.296	0.0	T1	1	96824
387.396	0.0	T2	2	96849
387.496	0.0	T3	3	96874
387.596	0.0	T4	4	96899
387.696	0.0	T5	5	96924
387.796	0.0	T6	6	96949
387.896	0.0	T7	7	96974
387.996	0.0	T8	8	96999
388.096	0.0	T9	9	97024
388.196	0.0	T10	10	97049
388.296	0.0	T1	1	97074
388.396	0.0	T2	2	97099
388.496	0.0	T3	3	97124
388.596	0.0	T4	4	97149
388.696	0.0	T5	5	97174
388.796	0.0	T6	6	97199
388.896	0.0	T7	7	97224
388.996	0.0	T8	8	97249
389.096	0.0	T9	9	97274
389.196	0.0	T10	10	97299
389.296	0.0	T1	1	97324
389.396	0.0	T2	2	97349
389.496	0.0	T3	3	97374
389.596	0.0	T4	4	97399
389.696	0.0	T5	5	97424
389.796	0.0	T6	6	97449
389.896	0.0	T7	7	97474
389.996	0.0	T8	8	97499
390.096	0.0	T9	9	97524
390.196	0.0	T10	10	97549
390.296	0.0	T1	1	97574
390.396	0.0	T2	2	97599
390.496	0.0	T3	3	97624
390.596	0.0	T4	4	97649
390.696	0.0	T5	5	97674
390.796	0.0	T6	6	97699
390.896	0.0	T7	7	97724
390.996	0.0	T8	8	97749
391.096	0.0	T9	9	97774
391.196	0.0	T10	10	97799
391.296	0.0	T1	1	97824
391.396	0.0	T2	2	97849
391.496	0.0	T3	3	97874
391.596	0.0	T4	4	97899
391.696	0.0	T5	5	97924
391.796	0.0	T6	6	97949
391.896	0.0	T7	7	97974
391.996	0.0	T8	8	97999
392.096	0.0	T9	9	98024
392.196	0.0	T10	10	98049
392.296	0.0	T1	1	98074
392.396	0.0	T2	2	98099
392.496	0.0	T3	3	98124
392.596	0.0	T4	4	98149
392.696	0.0	T5	5	98174
392.796	0.0	T6	6	98199
392.896	0.0	T7	7	98224
392.996	0.0	T8	8	98249
393.096	0.0	T9	9	98274
393.196	0.0	T10	10	98299
393.296	0.0	T1	1	98324
393.396	0.0	T2	2	98349
393.496	0.0	T3	3	98374
393.596	0.0	T4	4	98399
393.696	0.0	T5	5	98424
393.796	0.0	T6	6	98449
393.896	0.0	T7	7	98474
393.996	0.0	T8	8	98499
394.096	0.0	T9	9	98524
394.196	0.0	T10	10	98549
394.296	0.0	T1	1	98574
394.396	0.0	T2	2	98599
394.496	0.0	T3	3	98624
394.596	0.0	T4	4	98649
394.696	0.0	T5	5	98674
394.796	0.0	T6	6	98699
394.896	0.0	T7	7	98724
394.996	0.0	T8	8	98749
395.096	0.0	T9	9	98774
395.196	0.0	T10	10	98799
395.296	0.0	T1	1	98824
395.396	0.0	T2	2	98849
395.496	0.0	T3	3	98874
395.596	0.0	T4	4	98899
395.696	0.0	T5	5	98924
395.796	0.0	T6	6	98949
395.896	0.0	T7	7	98974
395.996	0.0	T8	8	98999
396.096	0.0	T9	9	99024
396.196	0.0	T10	10	99049
396.296	0.0	T1	1	99074
396.396	0.0	T2	2	99099
396.496	0.0	T3	3	99124
396.596	0.0	T4	4	99149
396.696	0.0	T5	5	99174
396.796	0.0	T6	6	99199
396.896	0.0	T7	7	99224
396.996	0.0	T8	8	99249
397.096	0.0	T9	9	99274
397.196	0.0	T10	10	99299
397.296	0.0	T1	1	99324
397.396	0.0	T2	2	99349
397.496	0.0	T3	3	99374
397.596	0.0	T4	4	99399
397.696	0.0	T5	5	99424
397.796	0.0	T6	6	99449
397.896	0.0	T7	7	99474
397.996	0.0	T8	8	99499
398.096	0.0	T9	9	99524
398.196	0.0	T10	10	99549
398.296	0.0	T1	1	99574
398.396	0.0	T2	2	99599
398.496	0.0	T3	3	99624
398.596	0.0	T4	4	99649
398.696	0.0	T5	5	99674
398.796	0.0	T6	6	99699
398.896	0.0	T7	7	99724
398.996	0.0	T8	8	99749
399.096	0.0	T9	9	99774
399.196	0.0	T10	10	99799
399.296	0.0	T1	1	99824
399.396	0.0	T2	2	99849
399.496	0.0	T3	3	99874
399.596	0.0	T4	4	99899
399.696	0.0	T5	5	99924
399.796	0.0	T6	6	99949
399.896	0.0	T7	7	99974
399.996	0.0	T8	8	99999
400.096	0.0	T9	9	100024
400.196	0.0	T10	10	100049
400.296	0.0	T1	1	100074
400.396	0.0	T2	2	100099
400.496	0.0	T3	3	100124
400.596	0.0	T4	4	100149
400.696	0.0	T5	5	100174
400.792	0.0	T6	6	100198
400.896	0.0	T7	7	100224
400.996	0.0	T8	8	100249
401.096	0.0	T9	9	100274
401.196	0.0	T10	10	100299
401.296	0.0	T1	1	100324
401.396	0.0	T2	2	100349
401.496	0.0	T3	3	100374
401.596	0.0	T4	4	100399
401.696	0.0	T5	5	100424
401.796	0.0	T6	6	100449
401.896	0.0	T7	7	100474
401.996	0.0	T8	8	100499
402.096	0.0	T9	9	100524
402.196	0.0	T10	10	100549
402.296	0.0	T1	1	100574
402.396	0.0	T2	2	100599
402.496	0.0	T3	3	100624
402.596	0.0	T4	4	100649
402.696	0.0	T5	5	100674
402.796	0.0	T6	6	100699
402.896	0.0	T7	7	100724
402.992	0.0	T8	8	100748
403.096	0.0	T9	9	100774
403.196	0.0	T10	10	100799
403.296	0.0	T1	1	100824
403.396	0.0	T2	2	100849
403.496	0.0	T3	3	100874
403.596	0.0	T4	4	100899
403.696	0.0	T5	5	100924
403.796	0.0	T6	6	100949
403.892	0.0	T7	7	100973
403.992	0.0	T8	8	100998
404.096	0.0	T9	9	101024
404.192	0.0	T10	10	101048
404.296	0.0	T1	1	101074
404.396	0.0	T2	2	101099
404.492	0.0	T3	3	101123
404.592	0.0	T4	4	101148
404.692	0.0	T5	5	101173
404.792	0.0	T6	6	101198
404.892	0.0	T7	7	101223
404.992	0.0	T8	8	101248
405.092	0.0	T9	9	101273
405.192	0.0	T10	10	101298
405.292	0.0	T1	1	101323
405.392	0.0	T2	2	101348
405.492	0.0	T3	3	101373
405.592	0.0	T4	4	101398
405.692	0.0	T5	5	101423
405.792	0.0	T6	6	101448
405.892	0.0	T7	7	101473
405.992	0.0	T8	8	101498
406.092	0.0	T9	9	101523
406.192	0.0	T10	10	101548
406.292	0.0	T1	1	101573
406.392	0.0	T2	2	101598
406.492	0.0	T3	3	101623
406.592	0.0	T4	4	101648
406.692	0.0	T5	5	101673
406.792	0.0	T6	6	101698
406.892	0.0	T7	7	101723
406.992	0.0	T8	8	101748
407.092	0.0	T9	9	101773
407.192	0.0	T10	10	101798
407.292	0.0	T1	1	101823
407.392	0.0	T2	2	101848
407.492	0.0	T3	3	101873
407.596	0.0	T4	4	101899
407.692	0.0	T5	5	101923
407.792	0.0	T6	6	101948
407.892	0.0	T7	7	101973
407.992	0.0	T8	8	101998
408.092	0.0	T9	9	102023
408.192	0.0	T10	10	102048
408.292	0.0	T1	1	102073
408.392	0.0	T2	2	102098
408.492	0.0	T3	3	102123
408.592	0.0	T4	4	102148
408.692	0.0	T5	5	102173
408.796	0.0	T6	6	102199
408.896	0.0	T7	7	102224
408.992	0.0	T8	8	102248
409.092	0.0	T9	9	102273
409.192	0.0	T10	10	102298
409.292	0.0	T1	1	102323
409.392	0.0	T2	2	102348
409.492	0.0	T3	3	102373
409.596	0.0	T4	4	102399
409.692	0.0	T5	5	102423
409.792	0.0	T6	6	102448
409.892	0.0	T7	7	102473
409.992	0.0	T8	8	102498
410.092	0.0	T9	9	102523
410.192	0.0	T10	10	102548
410.292	0.0	T1	1	102573
410.392	0.0	T2	2	102598
410.492	0.0	T3	3	102623
410.592	0.0	T4	4	102648
410.692	0.0	T5	5	102673
410.792	0.0	T6	6	102698
410.892	0.0	T7	7	102723
410.992	0.0	T8	8	102748
411.092	0.0	T9	9	102773
411.192	0.0	T10	10	102798
411.292	0.0	T1	1	102823
411.392	0.0	T2	2	102848
411.492	0.0	T3	3	102873
411.592	0.0	T4	4	102898
411.692	0.0	T5	5	102923
411.792	0.0	T6	6	102948
411.892	0.0	T7	7	102973
411.992	0.0	T8	8	102998
412.092	0.0	T9	9	103023
412.192	0.0	T10	10	103048
412.292	0.0	T1	1	103073
412.392	0.0	T2	2	103098
412.492	0.0	T3	3	103123
412.592	0.0	T4	4	103148
412.692	0.0	T5	5	103173
412.792	0.0	T6	6	103198
412.892	0.0	T7	7	103223
412.992	0.0	T8	8	103248
413.092	0.0	T9	9	103273
413.192	0.0	T10	10	103298
413.292	0.0	T1	1	103323
413.392	0.0	T2	2	103348
413.492	0.0	T3	3	103373
413.592	0.0	T4	4	103398
413.692	0.0	T5	5	103423
413.792	0.0	T6	6	103448
413.892	0.0	T7	7	103473
413.992	0.0	T8	8	103498
414.092	0.0	T9	9	103523
414.192	0.0	T10	10	103548
414.292	0.0	T1	1	103573
414.392	0.0	T2	2	103598
414.492	0.0	T3	3	103623
414.592	0.0	T4	4	103648
414.692	0.0	T5	5	103673
414.792	0.0	T6	6	103698
414.892	0.0	T7	7	103723
414.992	0.0	T8	8	103748
415.092	0.0	T9	9	103773
415.192	0.0	T10	10	103798
415.292	0.0	T1	1	103823
415.392	0.0	T2	2	103848
415.492	0.0	T3	3	103873
415.592	0.0	T4	4	103898
415.692	0.0	T5	5	103923
415.792	0.0	T6	6	103948
415.892	0.0	T7	7	103973
415.992	0.0	T8	8	103998
416.092	0.0	T9	9	104023
416.196	0.0	T10	10	104049
416.292	0.0	T1	1	104073
416.392	0.0	T2	2	104098
416.492	0.0	T3	3	104123
416.592	0.0	T4	4	104148
416.692	0.0	T5	5	104173
416.792	0.0	T6	6	104198
416.892	0.0	T7	7	104223
416.992	0.0	T8	8	104248
417.092	0.0	T9	9	104273
417.192	0.0	T10	10	104298
417.292	0.0	T1	1	104323
417.392	0.0	T2	2	104348
417.492	0.0	T3	3	104373
417.592	0.0	T4	4	104398
417.692	0.0	T5	5	104423
417.792	0.0	T6	6	104448
417.892	0.0	T7	7	104473
417.992	0.0	T8	8	104498
418.092	0.0	T9	9	104523
418.192	0.0	T10	10	104548
418.292	0.0	T1	1	104573
418.392	0.0	T2	2	104598
418.492	0.0	T3	3	104623
418.592	0.0	T4	4	104648
418.692	0.0	T5	5	104673
418.792	0.0	T6	6	104698
418.892	0.0	T7	7	104723
418.992	0.0	T8	8	104748
419.092	0.0	T9	9	104773
419.192	0.0	T10	10	104798
419.292	0.0	T1	1	104823
419.392	0.0	T2	2	104848
419.492	0.0	T3	3	104873
419.592	0.0	T4	4	104898
419.692	0.0	T5	5	104923
419.792	0.0	T6	6	104948
419.892	0.0	T7	7	104973
419.992	0.0	T8	8	104998
420.092	0.0	T9	9	105023
420.192	0.0	T10	10	105048
420.292	0.0	T1	1	105073
420.392	0.0	T2	2	105098
420.492	0.0	T3	3	105123
420.592	0.0	T4	4	105148
420.692	0.0	T5	5	105173
420.792	0.0	T6	6	105198
420.892	0.0	T7	7	105223
420.992	0.0	T8	8	105248
421.092	0.0	T9	9	105273
421.192	0.0	T10	10	105298
421.292	0.0	T1	1	105323
421.396	0.0	T2	2	105349
421.492	0.0	T3	3	105373
421.592	0.0	T4	4	105398
421.692	0.0	T5	5	105423
421.792	0.0	T6	6	105448
421.892	0.0	T7	7	105473
421.992	0.0	T8	8	105498
422.092	0.0	T9	9	105523
422.192	0.0	T10	10	105548
422.292	0.0	T1	1	105573
422.392	0.0	T2	2	105598
422.492	0.0	T3	3	105623
422.592	0.0	T4	4	105648
422.692	0.0	T5	5	105673
422.792	0.0	T6	6	105698
422.892	0.0	T7	7	105723
422.992	0.0	T8	8	105748
423.092	0.0	T9	9	105773
423.192	0.0	T10	10	105798
423.292	0.0	T1	1	105823
423.392	0.0	T2	2	105848
423.492	0.0	T3	3	105873
423.592	0.0	T4	4	105898
423.692	0.0	T5	5	105923
423.792	0.0	T6	6	105948
423.892	0.0	T7	7	105973
423.992	0.0	T8	8	105998
424.092	0.0	T9	9	106023
424.192	0.0	T10	10	106048
424.292	0.0	T1	1	106073
424.392	0.0	T2	2	106098
424.492	0.0	T3	3	106123
424.592	0.0	T4	4	106148
424.692	0.0	T5	5	106173
424.792	0.0	T6	6	106198
424.892	0.0	T7	7	106223
424.992	0.0	T8	8	106248
425.092	0.0	T9	9	106273
425.192	0.0	T10	10	106298
425.292	0.0	T1	1	106323
425.392	0.0	T2	2	106348
425.492	0.0	T3	3	106373
425.592	0.0	T4	4	106398
425.692	0.0	T5	5	106423
425.792	0.0	T6	6	106448
425.892	0.0	T7	7	106473
425.992	0.0	T8	8	106498
426.092	0.0	T9	9	106523
426.192	0.0	T10	10	106548
426.292	0.0	T1	1	106573
426.392	0.0	T2	2	106598
426.492	0.0	T3	3	106623
426.592	0.0	T4	4	106648
426.692	0.0	T5	5	106673
426.792	0.0	T6	6	106698
426.892	0.0	T7	7	106723
426.992	0.0	T8	8	106748
427.092	0.0	T9	9	106773
427.192	0.0	T10	10	106798
427.292	0.0	T1	1	106823
427.392	0.0	T2	2	106848
427.492	0.0	T3	3	106873
427.592	0.0	T4	4	106898
427.692	0.0	T5	5	106923
427.792	0.0	T6	6	106948
427.892	0.0	T7	7	106973
427.992	0.0	T8	8	106998
428.092	0.0	T9	9	107023
428.192	0.0	T10	10	107048
428.292	0.0	T1	1	107073
428.392	0.0	T2	2	107098
428.492	0.0	T3	3	107123
428.592	0.0	T4	4	107148
428.692	0.0	T5	5	107173
428.792	0.0	T6	6	107198
428.892	0.0	T7	7	107223
428.992	0.0	T8	8	107248
429.092	0.0	T9	9	107273
429.192	0.0	T10	10	107298
429.292	0.0	T1	1	107323
429.392	0.0	T2	2	107348
429.492	0.0	T3	3	107373
429.592	0.0	T4	4	107398
429.692	0.0	T5	5	107423
429.792	0.0	T6	6	107448
429.892	0.0	T7	7	107473
429.992	0.0	T8	8	107498
430.092	0.0	T9	9	107523
430.192	0.0	T10	10	107548
430.292	0.0	T1	1	107573
430.392	0.0	T2	2	107598
430.492	0.0	T3	3	107623
430.592	0.0	T4	4	107648
430.692	0.0	T5	5	107673
430.792	0.0	T6	6	107698
430.892	0.0	T7	7	107723
430.992	0.0	T8	8	107748
431.092	0.0	T9	9	107773
431.192	0.0	T10	10	107798
431.292	0.0	T1	1	107823
431.392	0.0	T2	2	107848
431.492	0.0	T3	3	107873
431.592	0.0	T4	4	107898
431.692	0.0	T5	5	107923
431.792	0.0	T6	6	107948
431.892	0.0	T7	7	107973
431.992	0.0	T8	8	107998
432.092	0.0	T9	9	108023
432.192	0.0	T10	10	108048
432.292	0.0	T1	1	108073
432.392	0.0	T2	2	108098
432.492	0.0	T3	3	108123
432.592	0.0	T4	4	108148
432.692	0.0	T5	5	108173
432.792	0.0	T6	6	108198
432.892	0.0	T7	7	108223
432.992	0.0	T8	8	108248
433.092	0.0	T9	9	108273
433.192	0.0	T10	10	108298
433.292	0.0	T1	1	108323
433.392	0.0	T2	2	108348
433.492	0.0	T3	3	108373
433.592	0.0	T4	4	108398
452.024	0.0	T1	1	113006
452.124	0.0	T2	2	113031
452.224	0.0	T3	3	113056
452.324	0.0	T4	4	113081
452.424	0.0	T5	5	113106
452.524	0.0	T6	6	113131
452.624	0.0	T7	7	113156
452.724	0.0	T8	8	113181
452.824	0.0	T9	9	113206
452.924	0.0	T10	10	113231
453.024	0.0	T1	1	113256
453.124	0.0	T2	2	113281
453.224	0.0	T3	3	113306
453.324	0.0	T4	4	113331
453.424	0.0	T5	5	113356
453.524	0.0	T6	6	113381
453.624	0.0	T7	7	113406
453.724	0.0	T8	8	113431
453.824	0.0	T9	9	113456
453.924	0.0	T10	10	113481
454.024	0.0	T1	1	113506
454.124	0.0	T2	2	113531
454.224	0.0	T3	3	113556
454.324	0.0	T4	4	113581
454.424	0.0	T5	5	113606
454.524	0.0	T6	6	113631
454.624	0.0	T7	7	113656
454.724	0.0	T8	8	113681
454.824	0.0	T9	9	113706
454.924	0.0	T10	10	113731
455.024	0.0	T1	1	113756
455.124	0.0	T2	2	113781
455.224	0.0	T3	3	113806
455.324	0.0	T4	4	113831
455.424	0.0	T5	5	113856
455.524	0.0	T6	6	113881
455.624	0.0	T7	7	113906
455.724	0.0	T8	8	113931
455.82	0.0	T9	9	113955
455.924	0.0	T10	10	113981
456.02	0.0	T1	1	114005
456.12	0.0	T2	2	114030
456.22	0.0	T3	3	114055
456.32	0.0	T4	4	114080
456.424	0.0	T5	5	114106
456.524	0.0	T6	6	114131
456.62	0.0	T7	7	114155
456.72	0.0	T8	8	114180
456.82	0.0	T9	9	114205
456.92	0.0	T10	10	114230
457.02	0.0	T1	1	114255
457.12	0.0	T2	2	114280
457.22	0.0	T3	3	114305
457.32	0.0	T4	4	114330
457.42	0.0	T5	5	114355
457.524	0.0	T6	6	114381
457.62	0.0	T7	7	114405
457.724	0.0	T8	8	114431
457.824	0.0	T9	9	114456
457.92	0.0	T10	10	114480
458.024	0.0	T1	1	114506
458.124	0.0	T2	2	114531
458.224	0.0	T3	3	114556
458.32	0.0	T4	4	114580
458.424	0.0	T5	5	114606
458.52	0.0	T6	6	114630
458.62	0.0	T7	7	114655
458.724	0.0	T8	8	114681
458.824	0.0	T9	9	114706
458.92	0.0	T10	10	114730
459.024	0.0	T1	1	114756
459.124	0.0	T2	2	114781
459.224	0.0	T3	3	114806
459.324	0.0	T4	4	114831
459.424	0.0	T5	5	114856
459.524	0.0	T6	6	114881
459.624	0.0	T7	7	114906
459.724	0.0	T8	8	114931
459.824	0.0	T9	9	114956
459.924	0.0	T10	10	114981
460.024	0.0	T1	1	115006
460.124	0.0	T2	2	115031
460.224	0.0	T3	3	115056
460.324	0.0	T4	4	115081
460.424	0.0	T5	5	115106
460.524	0.0	T6	6	115131
460.624	0.0	T7	7	115156
460.724	0.0	T8	8	115181
460.824	0.0	T9	9	115206
460.924	0.0	T10	10	115231
461.024	0.0	T1	1	115256
461.124	0.0	T2	2	115281
461.224	0.0	T3	3	115306
461.324	0.0	T4	4	115331
461.424	0.0	T5	5	115356
461.52	0.0	T6	6	115380
461.62	0.0	T7	7	115405
461.72	0.0	T8	8	115430
461.82	0.0	T9	9	115455
461.92	0.0	T10	10	115480
462.02	0.0	T1	1	115505
462.12	0.0	T2	2	115530
462.22	0.0	T3	3	115555
462.32	0.0	T4	4	115580
462.42	0.0	T5	5	115605
462.52	0.0	T6	6	115630
462.62	0.0	T7	7	115655
462.72	0.0	T8	8	115680
462.82	0.0	T9	9	115705
462.92	0.0	T10	10	115730
463.02	0.0	T1	1	115755
463.12	0.0	T2	2	115780
463.22	0.0	T3	3	115805
463.32	0.0	T4	4	115830
463.42	0.0	T5	5	115855
463.524	0.0	T6	6	115881
463.62	0.0	T7	7	115905
463.72	0.0	T8	8	115930
463.824	0.0	T9	9	115956
463.92	0.0	T10	10	115980
464.02	0.0	T1	1	116005
464.12	0.0	T2	2	116030
464.224	0.0	T3	3	116056
464.32	0.0	T4	4	116080
464.42	0.0	T5	5	116105
464.52	0.0	T6	6	116130
464.624	0.0	T7	7	116156
464.72	0.0	T8	8	116180
464.82	0.0	T9	9	116205
464.924	0.0	T10	10	116231
465.024	0.0	T1	1	116256
465.124	0.0	T2	2	116281
465.224	0.0	T3	3	116306
465.32	0.0	T4	4	116330
465.42	0.0	T5	5	116355
465.524	0.0	T6	6	116381
465.624	0.0	T7	7	116406
465.724	0.0	T8	8	116431
465.824	0.0	T9	9	116456
465.924	0.0	T10	10	116481
466.024	0.0	T1	1	116506
466.124	0.0	T2	2	116531
466.224	0.0	T3	3	116556
466.324	0.0	T4	4	116581
466.424	0.0	T5	5	116606
466.524	0.0	T6	6	116631
466.624	0.0	T7	7	116656
466.724	0.0	T8	8	116681
466.824	0.0	T9	9	116706
466.924	0.0	T10	10	116731
467.024	0.0	T1	1	116756
467.124	0.0	T2	2	116781
467.224	0.0	T3	3	116806
467.324	0.0	T4	4	116831
467.424	0.0	T5	5	116856
467.524	0.0	T6	6	116881
467.624	0.0	T7	7	116906
467.724	0.0	T8	8	116931
467.824	0.0	T9	9	116956
467.924	0.0	T10	10	116981
468.024	0.0	T1	1	117006
468.124	0.0	T2	2	117031
468.224	0.0	T3	3	117056
468.324	0.0	T4	4	117081
468.424	0.0	T5	5	117106
468.52	0.0	T6	6	117130
468.624	0.0	T7	7	117156
468.72	0.0	T8	8	117180
468.82	0.0	T9	9	117205
468.92	0.0	T10	10	117230
469.02	0.0	T1	1	117255
469.12	0.0	T2	2	117280
469.22	0.0	T3	3	117305
469.32	0.0	T4	4	117330
469.42	0.0	T5	5	117355
469.52	0.0	T6	6	117380
469.62	0.0	T7	7	117405
469.72	0.0	T8	8	117430
469.82	0.0	T9	9	117455
469.92	0.0	T10	10	117480
470.02	0.0	T1	1	117505
470.12	0.0	T2	2	117530
470.22	0.0	T3	3	117555
470.32	0.0	T4	4	117580
470.42	0.0	T5	5	117605
470.52	0.0	T6	6	117630
470.62	0.0	T7	7	117655
470.72	0.0	T8	8	117680
470.824	0.0	T9	9	117706
470.92	0.0	T10	10	117730
471.02	0.0	T1	1	117755
471.12	0.0	T2	2	117780
471.22	0.0	T3	3	117805
471.32	0.0	T4	4	117830
471.42	0.0	T5	5	117855
471.52	0.0	T6	6	117880
471.62	0.0	T7	7	117905
471.72	0.0	T8	8	117930
471.82	0.0	T9	9	117955
471.92	0.0	T10	10	117980
472.02	0.0	T1	1	118005
472.12	0.0	T2	2	118030
472.22	0.0	T3	3	118055
472.32	0.0	T4	4	118080
472.42	0.0	T5	5	118105
472.52	0.0	T6	6	118130
472.62	0.0	T7	7	118155
472.72	0.0	T8	8	118180
472.82	0.0	T9	9	118205
472.92	0.0	T10	10	118230
473.02	0.0	T1	1	118255
473.12	0.0	T2	2	118280
473.22	0.0	T3	3	118305
473.32	0.0	T4	4	118330
473.42	0.0	T5	5	118355
473.52	0.0	T6	6	118380
473.62	0.0	T7	7	118405
473.72	0.0	T8	8	118430
473.82	0.0	T9	9	118455
473.92	0.0	T10	10	118480
474.02	0.0	T1	1	118505
474.12	0.0	T2	2	118530
474.22	0.0	T3	3	118555
474.32	0.0	T4	4	118580
474.42	0.0	T5	5	118605
474.52	0.0	T6	6	118630
474.62	0.0	T7	7	118655
474.72	0.0	T8	8	118680
474.82	0.0	T9	9	118705
474.92	0.0	T10	10	118730
475.02	0.0	T1	1	118755
475.12	0.0	T2	2	118780
475.22	0.0	T3	3	118805
475.32	0.0	T4	4	118830
475.42	0.0	T5	5	118855
475.52	0.0	T6	6	118880
475.62	0.0	T7	7	118905
475.72	0.0	T8	8	118930
475.82	0.0	T9	9	118955
475.92	0.0	T10	10	118980
476.02	0.0	T1	1	119005
476.12	0.0	T2	2	119030
476.22	0.0	T3	3	119055
476.32	0.0	T4	4	119080
476.42	0.0	T5	5	119105
476.52	0.0	T6	6	119130
476.62	0.0	T7	7	119155
476.72	0.0	T8	8	119180
476.82	0.0	T9	9	119205
476.92	0.0	T10	10	119230
477.02	0.0	T1	1	119255
477.12	0.0	T2	2	119280
477.22	0.0	T3	3	119305
477.32	0.0	T4	4	119330
477.42	0.0	T5	5	119355
477.52	0.0	T6	6	119380
477.62	0.0	T7	7	119405
477.72	0.0	T8	8	119430
477.82	0.0	T9	9	119455
477.92	0.0	T10	10	119480
478.02	0.0	T1	1	119505
478.12	0.0	T2	2	119530
478.22	0.0	T3	3	119555
478.32	0.0	T4	4	119580
478.42	0.0	T5	5	119605
478.52	0.0	T6	6	119630
478.62	0.0	T7	7	119655
478.72	0.0	T8	8	119680
478.82	0.0	T9	9	119705
478.92	0.0	T10	10	119730
479.02	0.0	T1	1	119755
479.12	0.0	T2	2	119780
479.22	0.0	T3	3	119805
479.32	0.0	T4	4	119830
479.42	0.0	T5	5	119855
479.52	0.0	T6	6	119880
479.62	0.0	T7	7	119905
479.72	0.0	T8	8	119930
479.82	0.0	T9	9	119955
479.92	0.0	T10	10	119980
480.02	0.0	T1	1	120005
480.12	0.0	T2	2	120030
480.22	0.0	T3	3	120055
480.32	0.0	T4	4	120080
480.42	0.0	T5	5	120105
480.52	0.0	T6	6	120130
480.62	0.0	T7	7	120155
480.72	0.0	T8	8	120180
480.82	0.0	T9	9	120205
480.92	0.0	T10	10	120230
481.02	0.0	T1	1	120255
481.12	0.0	T2	2	120280
481.22	0.0	T3	3	120305
481.32	0.0	T4	4	120330
481.42	0.0	T5	5	120355
481.52	0.0	T6	6	120380
481.624	0.0	T7	7	120406
481.72	0.0	T8	8	120430
481.82	0.0	T9	9	120455
481.92	0.0	T10	10	120480
482.02	0.0	T1	1	120505
482.12	0.0	T2	2	120530
482.22	0.0	T3	3	120555
482.32	0.0	T4	4	120580
482.42	0.0	T5	5	120605
482.52	0.0	T6	6	120630
482.62	0.0	T7	7	120655
482.72	0.0	T8	8	120680
482.82	0.0	T9	9	120705
482.92	0.0	T10	10	120730
483.02	0.0	T1	1	120755
483.12	0.0	T2	2	120780
483.22	0.0	T3	3	120805
483.32	0.0	T4	4	120830
483.42	0.0	T5	5	120855
483.52	0.0	T6	6	120880
483.62	0.0	T7	7	120905
483.72	0.0	T8	8	120930
483.82	0.0	T9	9	120955
483.924	0.0	T10	10	120981
484.02	0.0	T1	1	121005
484.12	0.0	T2	2	121030
484.22	0.0	T3	3	121055
484.32	0.0	T4	4	121080
484.42	0.0	T5	5	121105
484.52	0.0	T6	6	121130
484.62	0.0	T7	7	121155
484.72	0.0	T8	8	121180
484.82	0.0	T9	9	121205
484.92	0.0	T10	10	121230
485.02	0.0	T1	1	121255
485.12	0.0	T2	2	121280
485.22	0.0	T3	3	121305
485.32	0.0	T4	4	121330
485.42	0.0	T5	5	121355
485.52	0.0	T6	6	121380
485.62	0.0	T7	7	121405
485.72	0.0	T8	8	121430
485.82	0.0	T9	9	121455
485.92	0.0	T10	10	121480
486.02	0.0	T1	1	121505
486.12	0.0	T2	2	121530
486.224	0.0	T3	3	121556
486.32	0.0	T4	4	121580
486.42	0.0	T5	5	121605
486.52	0.0	T6	6	121630
486.62	0.0	T7	7	121655
486.72	0.0	T8	8	121680
486.82	0.0	T9	9	121705
486.92	0.0	T10	10	121730
487.02	0.0	T1	1	121755
487.12	0.0	T2	2	121780
487.22	0.0	T3	3	121805
487.32	0.0	T4	4	121830
487.42	0.0	T5	5	121855
487.52	0.0	T6	6	121880
487.62	0.0	T7	7	121905
487.72	0.0	T8	8	121930
487.82	0.0	T9	9	121955
487.92	0.0	T10	10	121980
488.02	0.0	T1	1	122005
488.12	0.0	T2	2	122030
488.22	0.0	T3	3	122055
488.32	0.0	T4	4	122080
488.42	0.0	T5	5	122105
488.52	0.0	T6	6	122130
488.62	0.0	T7	7	122155
488.72	0.0	T8	8	122180
488.82	0.0	T9	9	122205
488.92	0.0	T10	10	122230
489.02	0.0	T1	1	122255
489.124	0.0	T2	2	122281
489.22	0.0	T3	3	122305
489.32	0.0	T4	4	122330
489.42	0.0	T5	5	122355
489.52	0.0	T6	6	122380
489.62	0.0	T7	7	122405
489.72	0.0	T8	8	122430
489.82	0.0	T9	9	122455
489.92	0.0	T10	10	122480
490.02	0.0	T1	1	122505
490.12	0.0	T2	2	122530
490.22	0.0	T3	3	122555
490.32	0.0	T4	4	122580
490.42	0.0	T5	5	122605
490.52	0.0	T6	6	122630
490.62	0.0	T7	7	122655
490.72	0.0	T8	8	122680
490.82	0.0	T9	9	122705
490.92	0.0	T10	10	122730
491.02	0.0	T1	1	122755
491.12	0.0	T2	2	122780
491.22	0.0	T3	3	122805
491.32	0.0	T4	4	122830
491.42	0.0	T5	5	122855
491.52	0.0	T6	6	122880
491.62	0.0	T7	7	122905
491.72	0.0	T8	8	122930
491.82	0.0	T9	9	122955
491.92	0.0	T10	10	122980
492.02	0.0	T1	1	123005
492.12	0.0	T2	2	123030
492.22	0.0	T3	3	123055
492.32	0.0	T4	4	123080
492.42	0.0	T5	5	123105
492.52	0.0	T6	6	123130
492.62	0.0	T7	7	123155
492.72	0.0	T8	8	123180
492.82	0.0	T9	9	123205
492.92	0.0	T10	10	123230
493.02	0.0	T1	1	123255
493.12	0.0	T2	2	123280
493.22	0.0	T3	3	123305
493.32	0.0	T4	4	123330
493.42	0.0	T5	5	123355
493.52	0.0	T6	6	123380
493.62	0.0	T7	7	123405
493.72	0.0	T8	8	123430
493.82	0.0	T9	9	123455
493.92	0.0	T10	10	123480
494.02	0.0	T1	1	123505
494.12	0.0	T2	2	123530
494.22	0.0	T3	3	123555
494.32	0.0	T4	4	123580
494.42	0.0	T5	5	123605
494.52	0.0	T6	6	123630
494.62	0.0	T7	7	123655
494.72	0.0	T8	8	123680
494.82	0.0	T9	9	123705
494.92	0.0	T10	10	123730
495.02	0.0	T1	1	123755
495.12	0.0	T2	2	123780
495.22	0.0	T3	3	123805
495.32	0.0	T4	4	123830
495.42	0.0	T5	5	123855
495.52	0.0	T6	6	123880
495.62	0.0	T7	7	123905
495.72	0.0	T8	8	123930
495.82	0.0	T9	9	123955
495.92	0.0	T10	10	123980
496.02	0.0	T1	1	124005
496.12	0.0	T2	2	124030
496.22	0.0	T3	3	124055
496.32	0.0	T4	4	124080
496.42	0.0	T5	5	124105
496.52	0.0	T6	6	124130
496.62	0.0	T7	7	124155
496.72	0.0	T8	8	124180
496.82	0.0	T9	9	124205
496.92	0.0	T10	10	124230
497.02	0.0	T1	1	124255
497.12	0.0	T2	2	124280
497.22	0.0	T3	3	124305
497.32	0.0	T4	4	124330
497.42	0.0	T5	5	124355
497.52	0.0	T6	6	124380
497.62	0.0	T7	7	124405
497.72	0.0	T8	8	124430
497.82	0.0	T9	9	124455
497.92	0.0	T10	10	124480
498.02	0.0	T1	1	124505
498.12	0.0	T2	2	124530
498.22	0.0	T3	3	124555
498.32	0.0	T4	4	124580
498.42	0.0	T5	5	124605
498.52	0.0	T6	6	124630
498.62	0.0	T7	7	124655
498.72	0.0	T8	8	124680
498.82	0.0	T9	9	124705
498.92	0.0	T10	10	124730
499.02	0.0	T1	1	124755
499.12	0.0	T2	2	124780
499.22	0.0	T3	3	124805
499.32	0.0	T4	4	124830
499.42	0.0	T5	5	124855
499.52	0.0	T6	6	124880
499.62	0.0	T7	7	124905
499.72	0.0	T8	8	124930
499.82	0.0	T9	9	124955
499.92	0.0	T10	10	124980
500.02	0.0	T1	1	125005
500.12	0.0	T2	2	125030
500.22	0.0	T3	3	125055
500.32	0.0	T4	4	125080
500.42	0.0	T5	5	125105
500.52	0.0	T6	6	125130
500.62	0.0	T7	7	125155
500.72	0.0	T8	8	125180
500.82	0.0	T9	9	125205
500.92	0.0	T10	10	125230
501.02	0.0	T1	1	125255
501.12	0.0	T2	2	125280
501.22	0.0	T3	3	125305
501.32	0.0	T4	4	125330
501.42	0.0	T5	5	125355
501.52	0.0	T6	6	125380
501.62	0.0	T7	7	125405
501.72	0.0	T8	8	125430
501.82	0.0	T9	9	125455
501.92	0.0	T10	10	125480
502.02	0.0	T1	1	125505
502.12	0.0	T2	2	125530
502.22	0.0	T3	3	125555
502.32	0.0	T4	4	125580
502.42	0.0	T5	5	125605
502.52	0.0	T6	6	125630
502.62	0.0	T7	7	125655
502.72	0.0	T8	8	125680
502.82	0.0	T9	9	125705
502.92	0.0	T10	10	125730
503.02	0.0	T1	1	125755
503.12	0.0	T2	2	125780
503.22	0.0	T3	3	125805
503.32	0.0	T4	4	125830
503.42	0.0	T5	5	125855
503.52	0.0	T6	6	125880
503.62	0.0	T7	7	125905
503.72	0.0	T8	8	125930
503.82	0.0	T9	9	125955
503.92	0.0	T10	10	125980
504.02	0.0	T1	1	126005
504.12	0.0	T2	2	126030
504.22	0.0	T3	3	126055
504.32	0.0	T4	4	126080
504.42	0.0	T5	5	126105
504.52	0.0	T6	6	126130
504.62	0.0	T7	7	126155
504.72	0.0	T8	8	126180
504.82	0.0	T9	9	126205
504.92	0.0	T10	10	126230
505.02	0.0	T1	1	126255
505.12	0.0	T2	2	126280
505.22	0.0	T3	3	126305
505.32	0.0	T4	4	126330
505.42	0.0	T5	5	126355
505.52	0.0	T6	6	126380
505.62	0.0	T7	7	126405
505.72	0.0	T8	8	126430
505.82	0.0	T9	9	126455
505.92	0.0	T10	10	126480
506.02	0.0	T1	1	126505
506.12	0.0	T2	2	126530
506.22	0.0	T3	3	126555
506.32	0.0	T4	4	126580
506.42	0.0	T5	5	126605
506.52	0.0	T6	6	126630
506.62	0.0	T7	7	126655
506.72	0.0	T8	8	126680
506.82	0.0	T9	9	126705
506.92	0.0	T10	10	126730
507.02	0.0	T1	1	126755
507.12	0.0	T2	2	126780
507.22	0.0	T3	3	126805
507.32	0.0	T4	4	126830
507.42	0.0	T5	5	126855
507.52	0.0	T6	6	126880
507.62	0.0	T7	7	126905
507.72	0.0	T8	8	126930
507.82	0.0	T9	9	126955
507.92	0.0	T10	10	126980
508.02	0.0	T1	1	127005
508.12	0.0	T2	2	127030
508.22	0.0	T3	3	127055
508.32	0.0	T4	4	127080
508.42	0.0	T5	5	127105
508.52	0.0	T6	6	127130
508.62	0.0	T7	7	127155
508.72	0.0	T8	8	127180
508.82	0.0	T9	9	127205
508.92	0.0	T10	10	127230
509.02	0.0	T1	1	127255
509.12	0.0	T2	2	127280
509.22	0.0	T3	3	127305
509.32	0.0	T4	4	127330
509.42	0.0	T5	5	127355
509.52	0.0	T6	6	127380
509.62	0.0	T7	7	127405
509.72	0.0	T8	8	127430
509.82	0.0	T9	9	127455
509.92	0.0	T10	10	127480
510.02	0.0	T1	1	127505
510.12	0.0	T2	2	127530
510.22	0.0	T3	3	127555
510.32	0.0	T4	4	127580
510.42	0.0	T5	5	127605
510.52	0.0	T6	6	127630
510.62	0.0	T7	7	127655
510.72	0.0	T8	8	127680
510.82	0.0	T9	9	127705
510.92	0.0	T10	10	127730
511.02	0.0	T1	1	127755
511.12	0.0	T2	2	127780
511.22	0.0	T3	3	127805
511.32	0.0	T4	4	127830
511.42	0.0	T5	5	127855
511.52	0.0	T6	6	127880
511.62	0.0	T7	7	127905
511.72	0.0	T8	8	127930
511.82	0.0	T9	9	127955
511.92	0.0	T10	10	127980
512.02	0.0	T1	1	128005
512.12	0.0	T2	2	128030
512.22	0.0	T3	3	128055
512.32	0.0	T4	4	128080
512.42	0.0	T5	5	128105
512.52	0.0	T6	6	128130
512.62	0.0	T7	7	128155
512.72	0.0	T8	8	128180
512.82	0.0	T9	9	128205
512.92	0.0	T10	10	128230
513.02	0.0	T1	1	128255
513.12	0.0	T2	2	128280
513.22	0.0	T3	3	128305
513.32	0.0	T4	4	128330
513.42	0.0	T5	5	128355
513.52	0.0	T6	6	128380
513.62	0.0	T7	7	128405
513.72	0.0	T8	8	128430
513.82	0.0	T9	9	128455
513.92	0.0	T10	10	128480
514.02	0.0	T1	1	128505
514.12	0.0	T2	2	128530
514.22	0.0	T3	3	128555
514.32	0.0	T4	4	128580
514.42	0.0	T5	5	128605
514.52	0.0	T6	6	128630
514.62	0.0	T7	7	128655
514.72	0.0	T8	8	128680
514.82	0.0	T9	9	128705
514.92	0.0	T10	10	128730
515.02	0.0	T1	1	128755
515.12	0.0	T2	2	128780
515.22	0.0	T3	3	128805
515.32	0.0	T4	4	128830
515.416	0.0	T5	5	128854
515.516	0.0	T6	6	128879
515.62	0.0	T7	7	128905
515.72	0.0	T8	8	128930
515.82	0.0	T9	9	128955
515.92	0.0	T10	10	128980
516.02	0.0	T1	1	129005
516.12	0.0	T2	2	129030
516.22	0.0	T3	3	129055
516.32	0.0	T4	4	129080
516.42	0.0	T5	5	129105
516.52	0.0	T6	6	129130
516.62	0.0	T7	7	129155
516.716	0.0	T8	8	129179
516.82	0.0	T9	9	129205
516.92	0.0	T10	10	129230
517.02	0.0	T1	1	129255
517.12	0.0	T2	2	129280
517.22	0.0	T3	3	129305
517.32	0.0	T4	4	129330
517.42	0.0	T5	5	129355
517.52	0.0	T6	6	129380
517.62	0.0	T7	7	129405
517.72	0.0	T8	8	129430
517.82	0.0	T9	9	129455
517.92	0.0	T10	10	129480
518.02	0.0	T1	1	129505
518.116	0.0	T2	2	129529
518.22	0.0	T3	3	129555
518.32	0.0	T4	4	129580
518.42	0.0	T5	5	129605
518.52	0.0	T6	6	129630
518.616	0.0	T7	7	129654
518.72	0.0	T8	8	129680
518.816	0.0	T9	9	129704
518.92	0.0	T10	10	129730
519.02	0.0	T1	1	129755
519.116	0.0	T2	2	129779
519.216	0.0	T3	3	129804
519.316	0.0	T4	4	129829
519.42	0.0	T5	5	129855
519.52	0.0	T6	6	129880
519.62	0.0	T7	7	129905
519.716	0.0	T8	8	129929
519.82	0.0	T9	9	129955
519.916	0.0	T10	10	129979
520.016	0.0	T1	1	130004
520.116	0.0	T2	2	130029
520.216	0.0	T3	3	130054
520.316	0.0	T4	4	130079
520.416	0.0	T5	5	130104
520.516	0.0	T6	6	130129
520.616	0.0	T7	7	130154
520.716	0.0	T8	8	130179
520.816	0.0	T9	9	130204
520.916	0.0	T10	10	130229
521.016	0.0	T1	1	130254
521.116	0.0	T2	2	130279
521.216	0.0	T3	3	130304
521.316	0.0	T4	4	130329
521.416	0.0	T5	5	130354
521.516	0.0	T6	6	130379
521.616	0.0	T7	7	130404
521.716	0.0	T8	8	130429
521.816	0.0	T9	9	130454
521.916	0.0	T10	10	130479
522.016	0.0	T1	1	130504
522.116	0.0	T2	2	130529
522.216	0.0	T3	3	130554
522.316	0.0	T4	4	130579
522.416	0.0	T5	5	130604
522.516	0.0	T6	6	130629
522.616	0.0	T7	7	130654
522.716	0.0	T8	8	130679
522.816	0.0	T9	9	130704
522.916	0.0	T10	10	130729
523.016	0.0	T1	1	130754
523.116	0.0	T2	2	130779
523.216	0.0	T3	3	130804
523.316	0.0	T4	4	130829
523.416	0.0	T5	5	130854
523.516	0.0	T6	6	130879
523.616	0.0	T7	7	130904
523.716	0.0	T8	8	130929
523.816	0.0	T9	9	130954
523.916	0.0	T10	10	130979
524.016	0.0	T1	1	131004
524.116	0.0	T2	2	131029
524.216	0.0	T3	3	131054
524.316	0.0	T4	4	131079
524.416	0.0	T5	5	131104
524.516	0.0	T6	6	131129
524.616	0.0	T7	7	131154
524.716	0.0	T8	8	131179
524.816	0.0	T9	9	131204
524.916	0.0	T10	10	131229
525.02	0.0	T1	1	131255
525.116	0.0	T2	2	131279
525.216	0.0	T3	3	131304
525.316	0.0	T4	4	131329
525.416	0.0	T5	5	131354
525.516	0.0	T6	6	131379
525.616	0.0	T7	7	131404
525.716	0.0	T8	8	131429
525.816	0.0	T9	9	131454
525.916	0.0	T10	10	131479
526.016	0.0	T1	1	131504
526.116	0.0	T2	2	131529
526.216	0.0	T3	3	131554
526.316	0.0	T4	4	131579
526.416	0.0	T5	5	131604
526.516	0.0	T6	6	131629
526.616	0.0	T7	7	131654
526.716	0.0	T8	8	131679
526.816	0.0	T9	9	131704
526.916	0.0	T10	10	131729
527.016	0.0	T1	1	131754
527.116	0.0	T2	2	131779
527.216	0.0	T3	3	131804
527.316	0.0	T4	4	131829
527.416	0.0	T5	5	131854
527.516	0.0	T6	6	131879
527.616	0.0	T7	7	131904
527.716	0.0	T8	8	131929
527.816	0.0	T9	9	131954
527.916	0.0	T10	10	131979
528.016	0.0	T1	1	132004
528.116	0.0	T2	2	132029
528.216	0.0	T3	3	132054
528.316	0.0	T4	4	132079
528.416	0.0	T5	5	132104
528.516	0.0	T6	6	132129
528.616	0.0	T7	7	132154
528.716	0.0	T8	8	132179
528.816	0.0	T9	9	132204
528.916	0.0	T10	10	132229
529.016	0.0	T1	1	132254
529.116	0.0	T2	2	132279
529.216	0.0	T3	3	132304
529.316	0.0	T4	4	132329
529.416	0.0	T5	5	132354
529.516	0.0	T6	6	132379
529.616	0.0	T7	7	132404
529.716	0.0	T8	8	132429
529.816	0.0	T9	9	132454
529.916	0.0	T10	10	132479
530.016	0.0	T1	1	132504
530.116	0.0	T2	2	132529
530.216	0.0	T3	3	132554
530.316	0.0	T4	4	132579
530.416	0.0	T5	5	132604
530.516	0.0	T6	6	132629
530.616	0.0	T7	7	132654
530.716	0.0	T8	8	132679
530.816	0.0	T9	9	132704
530.916	0.0	T10	10	132729
531.016	0.0	T1	1	132754
531.116	0.0	T2	2	132779
531.216	0.0	T3	3	132804
531.316	0.0	T4	4	132829
531.416	0.0	T5	5	132854
531.516	0.0	T6	6	132879
531.616	0.0	T7	7	132904
531.716	0.0	T8	8	132929
531.816	0.0	T9	9	132954
531.916	0.0	T10	10	132979
532.016	0.0	T1	1	133004
532.116	0.0	T2	2	133029
532.216	0.0	T3	3	133054
532.316	0.0	T4	4	133079
532.416	0.0	T5	5	133104
532.516	0.0	T6	6	133129
532.616	0.0	T7	7	133154
532.716	0.0	T8	8	133179
532.816	0.0	T9	9	133204
532.916	0.0	T10	10	133229
533.016	0.0	T1	1	133254
533.116	0.0	T2	2	133279
533.216	0.0	T3	3	133304
533.316	0.0	T4	4	133329
533.416	0.0	T5	5	133354
533.516	0.0	T6	6	133379
533.616	0.0	T7	7	133404
533.716	0.0	T8	8	133429
533.816	0.0	T9	9	133454
533.916	0.0	T10	10	133479
534.016	0.0	T1	1	133504
534.116	0.0	T2	2	133529
534.216	0.0	T3	3	133554
534.316	0.0	T4	4	133579
534.416	0.0	T5	5	133604
534.516	0.0	T6	6	133629
534.616	0.0	T7	7	133654
534.716	0.0	T8	8	133679
534.816	0.0	T9	9	133704
534.916	0.0	T10	10	133729
535.016	0.0	T1	1	133754
535.116	0.0	T2	2	133779
535.216	0.0	T3	3	133804
535.316	0.0	T4	4	133829
535.416	0.0	T5	5	133854
535.516	0.0	T6	6	133879
535.616	0.0	T7	7	133904
535.716	0.0	T8	8	133929
535.816	0.0	T9	9	133954
535.916	0.0	T10	10	133979
536.016	0.0	T1	1	134004
536.116	0.0	T2	2	134029
536.216	0.0	T3	3	134054
536.316	0.0	T4	4	134079
536.416	0.0	T5	5	134104
536.516	0.0	T6	6	134129
536.616	0.0	T7	7	134154
536.716	0.0	T8	8	134179
536.816	0.0	T9	9	134204
536.916	0.0	T10	10	134229
537.016	0.0	T1	1	134254
537.116	0.0	T2	2	134279
537.216	0.0	T3	3	134304
537.316	0.0	T4	4	134329
537.416	0.0	T5	5	134354
537.516	0.0	T6	6	134379
537.616	0.0	T7	7	134404
537.716	0.0	T8	8	134429
537.816	0.0	T9	9	134454
537.916	0.0	T10	10	134479
538.016	0.0	T1	1	134504
538.116	0.0	T2	2	134529
538.216	0.0	T3	3	134554
538.316	0.0	T4	4	134579
538.416	0.0	T5	5	134604
538.516	0.0	T6	6	134629
538.616	0.0	T7	7	134654
538.716	0.0	T8	8	134679
538.816	0.0	T9	9	134704
538.916	0.0	T10	10	134729
539.016	0.0	T1	1	134754
539.116	0.0	T2	2	134779
539.216	0.0	T3	3	134804
539.316	0.0	T4	4	134829
539.416	0.0	T5	5	134854
539.516	0.0	T6	6	134879
539.616	0.0	T7	7	134904
539.716	0.0	T8	8	134929
539.816	0.0	T9	9	134954
539.916	0.0	T10	10	134979
540.02	0.0	T1	1	135005
540.116	0.0	T2	2	135029
540.216	0.0	T3	3	135054
540.316	0.0	T4	4	135079
540.416	0.0	T5	5	135104
540.516	0.0	T6	6	135129
540.616	0.0	T7	7	135154
540.716	0.0	T8	8	135179
540.816	0.0	T9	9	135204
540.916	0.0	T10	10	135229
541.016	0.0	T1	1	135254
541.116	0.0	T2	2	135279
541.216	0.0	T3	3	135304
541.316	0.0	T4	4	135329
541.416	0.0	T5	5	135354
541.516	0.0	T6	6	135379
541.616	0.0	T7	7	135404
541.716	0.0	T8	8	135429
541.816	0.0	T9	9	135454
541.916	0.0	T10	10	135479
542.016	0.0	T1	1	135504
542.116	0.0	T2	2	135529
542.216	0.0	T3	3	135554
542.316	0.0	T4	4	135579
542.416	0.0	T5	5	135604
542.516	0.0	T6	6	135629
542.616	0.0	T7	7	135654
542.716	0.0	T8	8	135679
542.816	0.0	T9	9	135704
542.916	0.0	T10	10	135729
543.016	0.0	T1	1	135754
543.116	0.0	T2	2	135779
543.216	0.0	T3	3	135804
543.316	0.0	T4	4	135829
543.416	0.0	T5	5	135854
