name	x	y	z	type	material
Fz	-0.001229271161566281	0.09327445200029715	0.1026392934768164	conductive gel	EEG
C3	-0.0671487229331174	0.023358230537446293	0.10451068106024831	conductive gel	EEG
Cz	-0.0013741334028190722	0.027617093595102737	0.14019949417439556	conductive gel	EEG
C4	0.06532888071838541	0.0235731049615695	0.10369243420047652	conductive gel	EEG
Pz	-0.001709445046746896	-0.045212993324122014	0.12667292418209622	conductive gel	EEG
PO7	-0.05694862114459298	-0.06592324642051973	0.047907438021991204	conductive gel	EEG
Oz	-0.0020602461029908406	-0.0827829905012281	0.06073663060773575	conductive gel	EEG
PO8	0.053557322892856016	-0.06641693688532627	0.047850975850466874	conductive gel	EEG
