onset	duration	trial_type	value	sample
4.572	0.0	T1	1	1143
4.672	0.0	T2	2	1168
4.772	0.0	T3	3	1193
4.872	0.0	T4	4	1218
4.972	0.0	T5	5	1243
5.072	0.0	T6	6	1268
5.172	0.0	T7	7	1293
5.272	0.0	T8	8	1318
5.372	0.0	T9	9	1343
5.472	0.0	T10	10	1368
5.572	0.0	T1	1	1393
5.672	0.0	T2	2	1418
5.776	0.0	T3	3	1444
5.872	0.0	T4	4	1468
5.972	0.0	T5	5	1493
6.072	0.0	T6	6	1518
6.176	0.0	T7	7	1544
6.276	0.0	T8	8	1569
6.376	0.0	T9	9	1594
6.472	0.0	T10	10	1618
6.572	0.0	T1	1	1643
6.676	0.0	T2	2	1669
6.772	0.0	T3	3	1693
6.876	0.0	T4	4	1719
6.976	0.0	T5	5	1744
7.076	0.0	T6	6	1769
7.176	0.0	T7	7	1794
7.276	0.0	T8	8	1819
7.376	0.0	T9	9	1844
7.476	0.0	T10	10	1869
7.576	0.0	T1	1	1894
7.676	0.0	T2	2	1919
7.776	0.0	T3	3	1944
7.876	0.0	T4	4	1969
7.976	0.0	T5	5	1994
8.076	0.0	T6	6	2019
8.176	0.0	T7	7	2044
8.276	0.0	T8	8	2069
8.376	0.0	T9	9	2094
8.476	0.0	T10	10	2119
8.576	0.0	T1	1	2144
8.676	0.0	T2	2	2169
8.776	0.0	T3	3	2194
8.876	0.0	T4	4	2219
8.976	0.0	T5	5	2244
9.076	0.0	T6	6	2269
9.18	0.0	T7	7	2295
9.276	0.0	T8	8	2319
9.376	0.0	T9	9	2344
9.476	0.0	T10	10	2369
9.576	0.0	T1	1	2394
9.676	0.0	T2	2	2419
9.776	0.0	T3	3	2444
9.876	0.0	T4	4	2469
9.976	0.0	T5	5	2494
10.08	0.0	T6	6	2520
10.176	0.0	T7	7	2544
10.276	0.0	T8	8	2569
10.376	0.0	T9	9	2594
10.476	0.0	T10	10	2619
10.576	0.0	T1	1	2644
10.676	0.0	T2	2	2669
10.776	0.0	T3	3	2694
10.88	0.0	T4	4	2720
10.976	0.0	T5	5	2744
11.08	0.0	T6	6	2770
11.176	0.0	T7	7	2794
11.276	0.0	T8	8	2819
11.376	0.0	T9	9	2844
11.476	0.0	T10	10	2869
11.58	0.0	T1	1	2895
11.68	0.0	T2	2	2920
11.78	0.0	T3	3	2945
11.88	0.0	T4	4	2970
11.98	0.0	T5	5	2995
12.08	0.0	T6	6	3020
12.18	0.0	T7	7	3045
12.28	0.0	T8	8	3070
12.38	0.0	T9	9	3095
12.48	0.0	T10	10	3120
12.58	0.0	T1	1	3145
12.68	0.0	T2	2	3170
12.78	0.0	T3	3	3195
12.88	0.0	T4	4	3220
12.98	0.0	T5	5	3245
13.08	0.0	T6	6	3270
13.18	0.0	T7	7	3295
13.28	0.0	T8	8	3320
13.38	0.0	T9	9	3345
13.48	0.0	T10	10	3370
13.58	0.0	T1	1	3395
13.68	0.0	T2	2	3420
13.78	0.0	T3	3	3445
13.88	0.0	T4	4	3470
13.98	0.0	T5	5	3495
14.08	0.0	T6	6	3520
14.18	0.0	T7	7	3545
14.28	0.0	T8	8	3570
14.38	0.0	T9	9	3595
14.48	0.0	T10	10	3620
14.58	0.0	T1	1	3645
14.68	0.0	T2	2	3670
14.78	0.0	T3	3	3695
14.88	0.0	T4	4	3720
14.98	0.0	T5	5	3745
15.08	0.0	T6	6	3770
15.18	0.0	T7	7	3795
15.28	0.0	T8	8	3820
15.38	0.0	T9	9	3845
15.48	0.0	T10	10	3870
15.58	0.0	T1	1	3895
15.68	0.0	T2	2	3920
15.78	0.0	T3	3	3945
15.88	0.0	T4	4	3970
15.98	0.0	T5	5	3995
16.08	0.0	T6	6	4020
16.18	0.0	T7	7	4045
16.28	0.0	T8	8	4070
16.38	0.0	T9	9	4095
16.48	0.0	T10	10	4120
16.58	0.0	T1	1	4145
16.68	0.0	T2	2	4170
16.78	0.0	T3	3	4195
16.88	0.0	T4	4	4220
16.98	0.0	T5	5	4245
17.08	0.0	T6	6	4270
17.18	0.0	T7	7	4295
17.28	0.0	T8	8	4320
17.38	0.0	T9	9	4345
17.48	0.0	T10	10	4370
17.58	0.0	T1	1	4395
17.68	0.0	T2	2	4420
17.78	0.0	T3	3	4445
17.88	0.0	T4	4	4470
17.98	0.0	T5	5	4495
18.08	0.0	T6	6	4520
18.18	0.0	T7	7	4545
18.284	0.0	T8	8	4571
18.38	0.0	T9	9	4595
18.48	0.0	T10	10	4620
18.58	0.0	T1	1	4645
18.68	0.0	T2	2	4670
18.78	0.0	T3	3	4695
18.884	0.0	T4	4	4721
18.98	0.0	T5	5	4745
19.084	0.0	T6	6	4771
19.184	0.0	T7	7	4796
19.28	0.0	T8	8	4820
19.38	0.0	T9	9	4845
19.48	0.0	T10	10	4870
19.58	0.0	T1	1	4895
19.68	0.0	T2	2	4920
19.78	0.0	T3	3	4945
19.88	0.0	T4	4	4970
19.98	0.0	T5	5	4995
20.084	0.0	T6	6	5021
20.184	0.0	T7	7	5046
20.28	0.0	T8	8	5070
20.38	0.0	T9	9	5095
20.48	0.0	T10	10	5120
20.58	0.0	T1	1	5145
20.68	0.0	T2	2	5170
20.78	0.0	T3	3	5195
20.88	0.0	T4	4	5220
20.98	0.0	T5	5	5245
21.08	0.0	T6	6	5270
21.18	0.0	T7	7	5295
21.28	0.0	T8	8	5320
21.38	0.0	T9	9	5345
21.484	0.0	T10	10	5371
21.58	0.0	T1	1	5395
21.684	0.0	T2	2	5421
21.78	0.0	T3	3	5445
21.88	0.0	T4	4	5470
21.98	0.0	T5	5	5495
22.08	0.0	T6	6	5520
22.18	0.0	T7	7	5545
22.284	0.0	T8	8	5571
22.384	0.0	T9	9	5596
22.484	0.0	T10	10	5621
22.58	0.0	T1	1	5645
22.68	0.0	T2	2	5670
22.78	0.0	T3	3	5695
22.88	0.0	T4	4	5720
22.984	0.0	T5	5	5746
23.084	0.0	T6	6	5771
23.184	0.0	T7	7	5796
23.284	0.0	T8	8	5821
23.384	0.0	T9	9	5846
23.484	0.0	T10	10	5871
23.584	0.0	T1	1	5896
23.684	0.0	T2	2	5921
23.784	0.0	T3	3	5946
23.884	0.0	T4	4	5971
23.984	0.0	T5	5	5996
24.084	0.0	T6	6	6021
24.184	0.0	T7	7	6046
24.284	0.0	T8	8	6071
24.384	0.0	T9	9	6096
24.484	0.0	T10	10	6121
24.584	0.0	T1	1	6146
24.684	0.0	T2	2	6171
24.784	0.0	T3	3	6196
24.884	0.0	T4	4	6221
24.984	0.0	T5	5	6246
25.084	0.0	T6	6	6271
25.184	0.0	T7	7	6296
25.284	0.0	T8	8	6321
25.384	0.0	T9	9	6346
25.484	0.0	T10	10	6371
25.584	0.0	T1	1	6396
25.684	0.0	T2	2	6421
25.784	0.0	T3	3	6446
25.884	0.0	T4	4	6471
25.984	0.0	T5	5	6496
26.084	0.0	T6	6	6521
26.184	0.0	T7	7	6546
26.284	0.0	T8	8	6571
26.384	0.0	T9	9	6596
26.484	0.0	T10	10	6621
26.584	0.0	T1	1	6646
26.684	0.0	T2	2	6671
26.784	0.0	T3	3	6696
26.884	0.0	T4	4	6721
26.984	0.0	T5	5	6746
27.084	0.0	T6	6	6771
27.184	0.0	T7	7	6796
27.284	0.0	T8	8	6821
27.384	0.0	T9	9	6846
27.484	0.0	T10	10	6871
27.584	0.0	T1	1	6896
27.684	0.0	T2	2	6921
27.784	0.0	T3	3	6946
27.884	0.0	T4	4	6971
27.984	0.0	T5	5	6996
28.084	0.0	T6	6	7021
28.184	0.0	T7	7	7046
28.284	0.0	T8	8	7071
28.384	0.0	T9	9	7096
28.484	0.0	T10	10	7121
28.584	0.0	T1	1	7146
28.684	0.0	T2	2	7171
28.784	0.0	T3	3	7196
28.884	0.0	T4	4	7221
28.984	0.0	T5	5	7246
29.084	0.0	T6	6	7271
29.184	0.0	T7	7	7296
29.284	0.0	T8	8	7321
29.384	0.0	T9	9	7346
29.484	0.0	T10	10	7371
29.584	0.0	T1	1	7396
29.684	0.0	T2	2	7421
29.784	0.0	T3	3	7446
29.884	0.0	T4	4	7471
29.984	0.0	T5	5	7496
30.084	0.0	T6	6	7521
30.184	0.0	T7	7	7546
30.284	0.0	T8	8	7571
30.384	0.0	T9	9	7596
30.484	0.0	T10	10	7621
30.584	0.0	T1	1	7646
30.684	0.0	T2	2	7671
30.784	0.0	T3	3	7696
30.884	0.0	T4	4	7721
30.984	0.0	T5	5	7746
31.084	0.0	T6	6	7771
31.184	0.0	T7	7	7796
31.284	0.0	T8	8	7821
31.384	0.0	T9	9	7846
31.484	0.0	T10	10	7871
31.584	0.0	T1	1	7896
31.684	0.0	T2	2	7921
31.784	0.0	T3	3	7946
31.884	0.0	T4	4	7971
31.984	0.0	T5	5	7996
32.084	0.0	T6	6	8021
32.184	0.0	T7	7	8046
32.284	0.0	T8	8	8071
32.384	0.0	T9	9	8096
32.484	0.0	T10	10	8121
32.584	0.0	T1	1	8146
32.684	0.0	T2	2	8171
32.784	0.0	T3	3	8196
32.884	0.0	T4	4	8221
32.984	0.0	T5	5	8246
33.084	0.0	T6	6	8271
33.184	0.0	T7	7	8296
33.284	0.0	T8	8	8321
33.384	0.0	T9	9	8346
33.484	0.0	T10	10	8371
33.584	0.0	T1	1	8396
33.684	0.0	T2	2	8421
33.784	0.0	T3	3	8446
33.884	0.0	T4	4	8471
33.984	0.0	T5	5	8496
34.084	0.0	T6	6	8521
34.188	0.0	T7	7	8547
34.284	0.0	T8	8	8571
34.384	0.0	T9	9	8596
34.488	0.0	T10	10	8622
34.584	0.0	T1	1	8646
34.688	0.0	T2	2	8672
34.784	0.0	T3	3	8696
34.888	0.0	T4	4	8722
34.988	0.0	T5	5	8747
35.084	0.0	T6	6	8771
35.188	0.0	T7	7	8797
35.288	0.0	T8	8	8822
35.388	0.0	T9	9	8847
35.488	0.0	T10	10	8872
35.588	0.0	T1	1	8897
35.688	0.0	T2	2	8922
35.788	0.0	T3	3	8947
35.888	0.0	T4	4	8972
35.984	0.0	T5	5	8996
36.088	0.0	T6	6	9022
36.188	0.0	T7	7	9047
36.288	0.0	T8	8	9072
36.388	0.0	T9	9	9097
36.488	0.0	T10	10	9122
36.588	0.0	T1	1	9147
36.688	0.0	T2	2	9172
36.788	0.0	T3	3	9197
36.888	0.0	T4	4	9222
36.988	0.0	T5	5	9247
37.088	0.0	T6	6	9272
37.188	0.0	T7	7	9297
37.288	0.0	T8	8	9322
37.388	0.0	T9	9	9347
37.488	0.0	T10	10	9372
37.588	0.0	T1	1	9397
37.688	0.0	T2	2	9422
37.788	0.0	T3	3	9447
37.888	0.0	T4	4	9472
37.988	0.0	T5	5	9497
38.088	0.0	T6	6	9522
38.188	0.0	T7	7	9547
38.288	0.0	T8	8	9572
38.388	0.0	T9	9	9597
38.488	0.0	T10	10	9622
38.588	0.0	T1	1	9647
38.688	0.0	T2	2	9672
38.788	0.0	T3	3	9697
38.888	0.0	T4	4	9722
38.988	0.0	T5	5	9747
39.088	0.0	T6	6	9772
39.188	0.0	T7	7	9797
39.288	0.0	T8	8	9822
39.388	0.0	T9	9	9847
39.488	0.0	T10	10	9872
39.588	0.0	T1	1	9897
39.688	0.0	T2	2	9922
39.788	0.0	T3	3	9947
39.892	0.0	T4	4	9973
39.988	0.0	T5	5	9997
40.088	0.0	T6	6	10022
40.188	0.0	T7	7	10047
40.288	0.0	T8	8	10072
40.388	0.0	T9	9	10097
40.488	0.0	T10	10	10122
40.588	0.0	T1	1	10147
40.688	0.0	T2	2	10172
40.788	0.0	T3	3	10197
40.888	0.0	T4	4	10222
40.988	0.0	T5	5	10247
41.088	0.0	T6	6	10272
41.188	0.0	T7	7	10297
41.288	0.0	T8	8	10322
41.388	0.0	T9	9	10347
41.488	0.0	T10	10	10372
41.588	0.0	T1	1	10397
41.688	0.0	T2	2	10422
41.788	0.0	T3	3	10447
41.892	0.0	T4	4	10473
41.988	0.0	T5	5	10497
42.092	0.0	T6	6	10523
42.188	0.0	T7	7	10547
42.288	0.0	T8	8	10572
42.388	0.0	T9	9	10597
42.488	0.0	T10	10	10622
42.588	0.0	T1	1	10647
42.688	0.0	T2	2	10672
42.788	0.0	T3	3	10697
42.888	0.0	T4	4	10722
42.988	0.0	T5	5	10747
43.088	0.0	T6	6	10772
43.188	0.0	T7	7	10797
43.288	0.0	T8	8	10822
43.388	0.0	T9	9	10847
43.488	0.0	T10	10	10872
43.588	0.0	T1	1	10897
43.688	0.0	T2	2	10922
43.788	0.0	T3	3	10947
43.888	0.0	T4	4	10972
43.988	0.0	T5	5	10997
44.088	0.0	T6	6	11022
44.188	0.0	T7	7	11047
44.288	0.0	T8	8	11072
44.388	0.0	T9	9	11097
44.488	0.0	T10	10	11122
44.588	0.0	T1	1	11147
44.688	0.0	T2	2	11172
44.788	0.0	T3	3	11197
44.888	0.0	T4	4	11222
44.988	0.0	T5	5	11247
45.088	0.0	T6	6	11272
45.188	0.0	T7	7	11297
45.288	0.0	T8	8	11322
45.392	0.0	T9	9	11348
45.488	0.0	T10	10	11372
45.588	0.0	T1	1	11397
45.688	0.0	T2	2	11422
45.788	0.0	T3	3	11447
45.888	0.0	T4	4	11472
45.992	0.0	T5	5	11498
46.092	0.0	T6	6	11523
46.188	0.0	T7	7	11547
46.292	0.0	T8	8	11573
46.392	0.0	T9	9	11598
46.488	0.0	T10	10	11622
46.592	0.0	T1	1	11648
46.692	0.0	T2	2	11673
46.792	0.0	T3	3	11698
46.892	0.0	T4	4	11723
46.992	0.0	T5	5	11748
47.092	0.0	T6	6	11773
47.192	0.0	T7	7	11798
47.292	0.0	T8	8	11823
47.392	0.0	T9	9	11848
47.492	0.0	T10	10	11873
47.592	0.0	T1	1	11898
47.692	0.0	T2	2	11923
47.792	0.0	T3	3	11948
47.892	0.0	T4	4	11973
47.992	0.0	T5	5	11998
48.092	0.0	T6	6	12023
48.192	0.0	T7	7	12048
48.292	0.0	T8	8	12073
48.392	0.0	T9	9	12098
48.492	0.0	T10	10	12123
48.592	0.0	T1	1	12148
48.692	0.0	T2	2	12173
48.792	0.0	T3	3	12198
48.892	0.0	T4	4	12223
48.992	0.0	T5	5	12248
49.092	0.0	T6	6	12273
49.192	0.0	T7	7	12298
49.292	0.0	T8	8	12323
49.392	0.0	T9	9	12348
49.492	0.0	T10	10	12373
49.592	0.0	T1	1	12398
49.692	0.0	T2	2	12423
49.792	0.0	T3	3	12448
49.892	0.0	T4	4	12473
49.992	0.0	T5	5	12498
50.092	0.0	T6	6	12523
50.192	0.0	T7	7	12548
50.292	0.0	T8	8	12573
50.392	0.0	T9	9	12598
50.492	0.0	T10	10	12623
50.592	0.0	T1	1	12648
50.692	0.0	T2	2	12673
50.792	0.0	T3	3	12698
50.892	0.0	T4	4	12723
50.992	0.0	T5	5	12748
51.092	0.0	T6	6	12773
51.192	0.0	T7	7	12798
51.292	0.0	T8	8	12823
51.392	0.0	T9	9	12848
51.492	0.0	T10	10	12873
51.592	0.0	T1	1	12898
51.692	0.0	T2	2	12923
51.792	0.0	T3	3	12948
51.896	0.0	T4	4	12974
51.992	0.0	T5	5	12998
52.096	0.0	T6	6	13024
52.196	0.0	T7	7	13049
52.292	0.0	T8	8	13073
52.392	0.0	T9	9	13098
52.492	0.0	T10	10	13123
52.592	0.0	T1	1	13148
52.696	0.0	T2	2	13174
52.792	0.0	T3	3	13198
52.892	0.0	T4	4	13223
52.992	0.0	T5	5	13248
53.096	0.0	T6	6	13274
53.192	0.0	T7	7	13298
53.292	0.0	T8	8	13323
53.392	0.0	T9	9	13348
53.492	0.0	T10	10	13373
53.592	0.0	T1	1	13398
53.692	0.0	T2	2	13423
53.792	0.0	T3	3	13448
53.892	0.0	T4	4	13473
53.992	0.0	T5	5	13498
54.092	0.0	T6	6	13523
54.192	0.0	T7	7	13548
54.296	0.0	T8	8	13574
54.392	0.0	T9	9	13598
54.492	0.0	T10	10	13623
54.592	0.0	T1	1	13648
54.692	0.0	T2	2	13673
54.792	0.0	T3	3	13698
54.892	0.0	T4	4	13723
54.996	0.0	T5	5	13749
55.092	0.0	T6	6	13773
55.192	0.0	T7	7	13798
55.292	0.0	T8	8	13823
55.392	0.0	T9	9	13848
55.492	0.0	T10	10	13873
55.592	0.0	T1	1	13898
55.692	0.0	T2	2	13923
55.792	0.0	T3	3	13948
55.892	0.0	T4	4	13973
55.996	0.0	T5	5	13999
56.092	0.0	T6	6	14023
56.192	0.0	T7	7	14048
56.292	0.0	T8	8	14073
56.392	0.0	T9	9	14098
56.492	0.0	T10	10	14123
56.592	0.0	T1	1	14148
56.692	0.0	T2	2	14173
56.792	0.0	T3	3	14198
56.892	0.0	T4	4	14223
56.992	0.0	T5	5	14248
57.092	0.0	T6	6	14273
57.192	0.0	T7	7	14298
57.292	0.0	T8	8	14323
57.392	0.0	T9	9	14348
57.496	0.0	T10	10	14374
57.592	0.0	T1	1	14398
57.692	0.0	T2	2	14423
57.792	0.0	T3	3	14448
57.892	0.0	T4	4	14473
57.996	0.0	T5	5	14499
58.092	0.0	T6	6	14523
58.192	0.0	T7	7	14548
58.292	0.0	T8	8	14573
58.396	0.0	T9	9	14599
58.492	0.0	T10	10	14623
58.592	0.0	T1	1	14648
58.692	0.0	T2	2	14673
58.792	0.0	T3	3	14698
58.892	0.0	T4	4	14723
58.992	0.0	T5	5	14748
59.092	0.0	T6	6	14773
59.196	0.0	T7	7	14799
59.292	0.0	T8	8	14823
59.396	0.0	T9	9	14849
59.496	0.0	T10	10	14874
59.596	0.0	T1	1	14899
59.696	0.0	T2	2	14924
59.796	0.0	T3	3	14949
59.896	0.0	T4	4	14974
59.996	0.0	T5	5	14999
60.096	0.0	T6	6	15024
60.196	0.0	T7	7	15049
60.296	0.0	T8	8	15074
60.396	0.0	T9	9	15099
60.496	0.0	T10	10	15124
60.596	0.0	T1	1	15149
60.696	0.0	T2	2	15174
60.796	0.0	T3	3	15199
60.896	0.0	T4	4	15224
60.996	0.0	T5	5	15249
61.096	0.0	T6	6	15274
61.196	0.0	T7	7	15299
61.296	0.0	T8	8	15324
61.396	0.0	T9	9	15349
61.496	0.0	T10	10	15374
61.596	0.0	T1	1	15399
61.696	0.0	T2	2	15424
61.796	0.0	T3	3	15449
61.896	0.0	T4	4	15474
61.996	0.0	T5	5	15499
62.096	0.0	T6	6	15524
62.196	0.0	T7	7	15549
62.296	0.0	T8	8	15574
62.396	0.0	T9	9	15599
62.496	0.0	T10	10	15624
62.596	0.0	T1	1	15649
62.696	0.0	T2	2	15674
62.796	0.0	T3	3	15699
62.896	0.0	T4	4	15724
62.996	0.0	T5	5	15749
63.096	0.0	T6	6	15774
63.196	0.0	T7	7	15799
63.296	0.0	T8	8	15824
63.396	0.0	T9	9	15849
63.496	0.0	T10	10	15874
63.596	0.0	T1	1	15899
63.696	0.0	T2	2	15924
63.796	0.0	T3	3	15949
63.896	0.0	T4	4	15974
63.996	0.0	T5	5	15999
64.096	0.0	T6	6	16024
64.196	0.0	T7	7	16049
64.296	0.0	T8	8	16074
64.396	0.0	T9	9	16099
64.496	0.0	T10	10	16124
95.604	0.0	T1	1	23901
95.704	0.0	T2	2	23926
95.804	0.0	T3	3	23951
95.904	0.0	T4	4	23976
96.004	0.0	T5	5	24001
96.104	0.0	T6	6	24026
96.204	0.0	T7	7	24051
96.304	0.0	T8	8	24076
96.404	0.0	T9	9	24101
96.504	0.0	T10	10	24126
96.604	0.0	T1	1	24151
96.704	0.0	T2	2	24176
96.804	0.0	T3	3	24201
96.904	0.0	T4	4	24226
97.004	0.0	T5	5	24251
97.104	0.0	T6	6	24276
97.204	0.0	T7	7	24301
97.304	0.0	T8	8	24326
97.404	0.0	T9	9	24351
97.504	0.0	T10	10	24376
97.604	0.0	T1	1	24401
97.704	0.0	T2	2	24426
97.804	0.0	T3	3	24451
97.904	0.0	T4	4	24476
98.004	0.0	T5	5	24501
98.104	0.0	T6	6	24526
98.204	0.0	T7	7	24551
98.304	0.0	T8	8	24576
98.404	0.0	T9	9	24601
98.504	0.0	T10	10	24626
98.604	0.0	T1	1	24651
98.704	0.0	T2	2	24676
98.804	0.0	T3	3	24701
98.904	0.0	T4	4	24726
99.004	0.0	T5	5	24751
99.104	0.0	T6	6	24776
99.204	0.0	T7	7	24801
99.304	0.0	T8	8	24826
99.404	0.0	T9	9	24851
99.504	0.0	T10	10	24876
99.604	0.0	T1	1	24901
99.704	0.0	T2	2	24926
99.808	0.0	T3	3	24952
99.904	0.0	T4	4	24976
100.004	0.0	T5	5	25001
100.104	0.0	T6	6	25026
100.204	0.0	T7	7	25051
100.304	0.0	T8	8	25076
100.404	0.0	T9	9	25101
100.504	0.0	T10	10	25126
100.604	0.0	T1	1	25151
100.704	0.0	T2	2	25176
100.804	0.0	T3	3	25201
100.904	0.0	T4	4	25226
101.004	0.0	T5	5	25251
101.104	0.0	T6	6	25276
101.204	0.0	T7	7	25301
101.304	0.0	T8	8	25326
101.404	0.0	T9	9	25351
101.504	0.0	T10	10	25376
101.604	0.0	T1	1	25401
101.704	0.0	T2	2	25426
101.804	0.0	T3	3	25451
101.904	0.0	T4	4	25476
102.004	0.0	T5	5	25501
102.108	0.0	T6	6	25527
102.204	0.0	T7	7	25551
102.304	0.0	T8	8	25576
102.404	0.0	T9	9	25601
102.504	0.0	T10	10	25626
102.604	0.0	T1	1	25651
102.704	0.0	T2	2	25676
102.808	0.0	T3	3	25702
102.904	0.0	T4	4	25726
103.004	0.0	T5	5	25751
103.104	0.0	T6	6	25776
103.204	0.0	T7	7	25801
103.304	0.0	T8	8	25826
103.404	0.0	T9	9	25851
103.504	0.0	T10	10	25876
103.604	0.0	T1	1	25901
103.704	0.0	T2	2	25926
103.804	0.0	T3	3	25951
103.904	0.0	T4	4	25976
104.004	0.0	T5	5	26001
104.104	0.0	T6	6	26026
104.204	0.0	T7	7	26051
104.304	0.0	T8	8	26076
104.408	0.0	T9	9	26102
104.504	0.0	T10	10	26126
104.604	0.0	T1	1	26151
104.704	0.0	T2	2	26176
104.804	0.0	T3	3	26201
104.908	0.0	T4	4	26227
105.004	0.0	T5	5	26251
105.104	0.0	T6	6	26276
105.204	0.0	T7	7	26301
105.308	0.0	T8	8	26327
105.404	0.0	T9	9	26351
105.504	0.0	T10	10	26376
105.608	0.0	T1	1	26402
105.708	0.0	T2	2	26427
105.804	0.0	T3	3	26451
105.908	0.0	T4	4	26477
106.008	0.0	T5	5	26502
106.108	0.0	T6	6	26527
106.208	0.0	T7	7	26552
106.308	0.0	T8	8	26577
106.408	0.0	T9	9	26602
106.508	0.0	T10	10	26627
106.608	0.0	T1	1	26652
106.708	0.0	T2	2	26677
106.808	0.0	T3	3	26702
106.908	0.0	T4	4	26727
107.008	0.0	T5	5	26752
107.108	0.0	T6	6	26777
107.208	0.0	T7	7	26802
107.308	0.0	T8	8	26827
107.408	0.0	T9	9	26852
107.508	0.0	T10	10	26877
107.608	0.0	T1	1	26902
107.708	0.0	T2	2	26927
107.808	0.0	T3	3	26952
107.908	0.0	T4	4	26977
108.008	0.0	T5	5	27002
108.108	0.0	T6	6	27027
108.208	0.0	T7	7	27052
108.308	0.0	T8	8	27077
108.408	0.0	T9	9	27102
108.508	0.0	T10	10	27127
108.608	0.0	T1	1	27152
108.708	0.0	T2	2	27177
108.808	0.0	T3	3	27202
108.908	0.0	T4	4	27227
109.008	0.0	T5	5	27252
109.108	0.0	T6	6	27277
109.208	0.0	T7	7	27302
109.308	0.0	T8	8	27327
109.412	0.0	T9	9	27353
109.508	0.0	T10	10	27377
109.608	0.0	T1	1	27402
109.708	0.0	T2	2	27427
109.808	0.0	T3	3	27452
109.908	0.0	T4	4	27477
110.008	0.0	T5	5	27502
110.108	0.0	T6	6	27527
110.208	0.0	T7	7	27552
110.308	0.0	T8	8	27577
110.408	0.0	T9	9	27602
110.508	0.0	T10	10	27627
110.608	0.0	T1	1	27652
110.708	0.0	T2	2	27677
110.808	0.0	T3	3	27702
110.908	0.0	T4	4	27727
111.008	0.0	T5	5	27752
111.108	0.0	T6	6	27777
111.208	0.0	T7	7	27802
111.308	0.0	T8	8	27827
111.408	0.0	T9	9	27852
111.508	0.0	T10	10	27877
111.608	0.0	T1	1	27902
111.708	0.0	T2	2	27927
111.808	0.0	T3	3	27952
111.908	0.0	T4	4	27977
112.008	0.0	T5	5	28002
112.108	0.0	T6	6	28027
112.208	0.0	T7	7	28052
112.308	0.0	T8	8	28077
112.412	0.0	T9	9	28103
112.508	0.0	T10	10	28127
112.608	0.0	T1	1	28152
112.708	0.0	T2	2	28177
112.808	0.0	T3	3	28202
112.908	0.0	T4	4	28227
113.008	0.0	T5	5	28252
113.108	0.0	T6	6	28277
113.208	0.0	T7	7	28302
113.308	0.0	T8	8	28327
113.408	0.0	T9	9	28352
113.508	0.0	T10	10	28377
113.608	0.0	T1	1	28402
113.708	0.0	T2	2	28427
113.808	0.0	T3	3	28452
113.908	0.0	T4	4	28477
114.008	0.0	T5	5	28502
114.108	0.0	T6	6	28527
114.208	0.0	T7	7	28552
114.312	0.0	T8	8	28578
114.408	0.0	T9	9	28602
114.508	0.0	T10	10	28627
114.608	0.0	T1	1	28652
114.708	0.0	T2	2	28677
114.808	0.0	T3	3	28702
114.908	0.0	T4	4	28727
115.008	0.0	T5	5	28752
115.108	0.0	T6	6	28777
115.208	0.0	T7	7	28802
115.308	0.0	T8	8	28827
115.408	0.0	T9	9	28852
115.508	0.0	T10	10	28877
115.608	0.0	T1	1	28902
115.708	0.0	T2	2	28927
115.808	0.0	T3	3	28952
115.908	0.0	T4	4	28977
116.008	0.0	T5	5	29002
116.108	0.0	T6	6	29027
116.208	0.0	T7	7	29052
116.308	0.0	T8	8	29077
116.408	0.0	T9	9	29102
116.508	0.0	T10	10	29127
116.608	0.0	T1	1	29152
116.708	0.0	T2	2	29177
116.808	0.0	T3	3	29202
116.908	0.0	T4	4	29227
117.008	0.0	T5	5	29252
117.108	0.0	T6	6	29277
117.208	0.0	T7	7	29302
117.308	0.0	T8	8	29327
117.408	0.0	T9	9	29352
117.512	0.0	T10	10	29378
117.608	0.0	T1	1	29402
117.708	0.0	T2	2	29427
117.808	0.0	T3	3	29452
117.908	0.0	T4	4	29477
118.008	0.0	T5	5	29502
118.108	0.0	T6	6	29527
118.208	0.0	T7	7	29552
118.308	0.0	T8	8	29577
118.408	0.0	T9	9	29602
118.508	0.0	T10	10	29627
118.608	0.0	T1	1	29652
118.708	0.0	T2	2	29677
118.808	0.0	T3	3	29702
118.908	0.0	T4	4	29727
119.008	0.0	T5	5	29752
119.108	0.0	T6	6	29777
119.212	0.0	T7	7	29803
119.308	0.0	T8	8	29827
119.408	0.0	T9	9	29852
119.508	0.0	T10	10	29877
119.608	0.0	T1	1	29902
119.708	0.0	T2	2	29927
119.808	0.0	T3	3	29952
119.908	0.0	T4	4	29977
120.008	0.0	T5	5	30002
120.108	0.0	T6	6	30027
120.208	0.0	T7	7	30052
120.308	0.0	T8	8	30077
120.408	0.0	T9	9	30102
120.508	0.0	T10	10	30127
120.608	0.0	T1	1	30152
120.708	0.0	T2	2	30177
120.808	0.0	T3	3	30202
120.908	0.0	T4	4	30227
121.008	0.0	T5	5	30252
121.108	0.0	T6	6	30277
121.208	0.0	T7	7	30302
121.308	0.0	T8	8	30327
121.408	0.0	T9	9	30352
121.508	0.0	T10	10	30377
121.608	0.0	T1	1	30402
121.712	0.0	T2	2	30428
121.812	0.0	T3	3	30453
121.908	0.0	T4	4	30477
122.008	0.0	T5	5	30502
122.112	0.0	T6	6	30528
122.212	0.0	T7	7	30553
122.312	0.0	T8	8	30578
122.412	0.0	T9	9	30603
122.508	0.0	T10	10	30627
122.612	0.0	T1	1	30653
122.708	0.0	T2	2	30677
122.812	0.0	T3	3	30703
122.912	0.0	T4	4	30728
123.012	0.0	T5	5	30753
123.112	0.0	T6	6	30778
123.212	0.0	T7	7	30803
123.312	0.0	T8	8	30828
123.412	0.0	T9	9	30853
123.512	0.0	T10	10	30878
123.612	0.0	T1	1	30903
123.712	0.0	T2	2	30928
123.812	0.0	T3	3	30953
123.912	0.0	T4	4	30978
124.012	0.0	T5	5	31003
124.112	0.0	T6	6	31028
124.212	0.0	T7	7	31053
124.312	0.0	T8	8	31078
124.412	0.0	T9	9	31103
124.512	0.0	T10	10	31128
124.612	0.0	T1	1	31153
124.712	0.0	T2	2	31178
124.812	0.0	T3	3	31203
124.912	0.0	T4	4	31228
125.012	0.0	T5	5	31253
125.112	0.0	T6	6	31278
125.212	0.0	T7	7	31303
125.312	0.0	T8	8	31328
125.412	0.0	T9	9	31353
125.512	0.0	T10	10	31378
125.612	0.0	T1	1	31403
125.712	0.0	T2	2	31428
125.812	0.0	T3	3	31453
125.912	0.0	T4	4	31478
126.012	0.0	T5	5	31503
126.112	0.0	T6	6	31528
126.212	0.0	T7	7	31553
126.312	0.0	T8	8	31578
126.412	0.0	T9	9	31603
126.512	0.0	T10	10	31628
126.612	0.0	T1	1	31653
126.712	0.0	T2	2	31678
126.812	0.0	T3	3	31703
126.912	0.0	T4	4	31728
127.012	0.0	T5	5	31753
127.112	0.0	T6	6	31778
127.212	0.0	T7	7	31803
127.312	0.0	T8	8	31828
127.412	0.0	T9	9	31853
127.512	0.0	T10	10	31878
127.612	0.0	T1	1	31903
127.712	0.0	T2	2	31928
127.812	0.0	T3	3	31953
127.912	0.0	T4	4	31978
128.012	0.0	T5	5	32003
128.112	0.0	T6	6	32028
128.212	0.0	T7	7	32053
128.312	0.0	T8	8	32078
128.412	0.0	T9	9	32103
128.512	0.0	T10	10	32128
128.612	0.0	T1	1	32153
128.712	0.0	T2	2	32178
128.812	0.0	T3	3	32203
128.912	0.0	T4	4	32228
129.012	0.0	T5	5	32253
129.112	0.0	T6	6	32278
129.212	0.0	T7	7	32303
129.312	0.0	T8	8	32328
129.412	0.0	T9	9	32353
129.512	0.0	T10	10	32378
129.612	0.0	T1	1	32403
129.712	0.0	T2	2	32428
129.812	0.0	T3	3	32453
129.912	0.0	T4	4	32478
130.012	0.0	T5	5	32503
130.112	0.0	T6	6	32528
130.212	0.0	T7	7	32553
130.312	0.0	T8	8	32578
130.412	0.0	T9	9	32603
130.512	0.0	T10	10	32628
130.616	0.0	T1	1	32654
130.712	0.0	T2	2	32678
130.812	0.0	T3	3	32703
130.912	0.0	T4	4	32728
131.012	0.0	T5	5	32753
131.112	0.0	T6	6	32778
131.212	0.0	T7	7	32803
131.312	0.0	T8	8	32828
131.412	0.0	T9	9	32853
131.512	0.0	T10	10	32878
131.612	0.0	T1	1	32903
131.712	0.0	T2	2	32928
131.812	0.0	T3	3	32953
131.912	0.0	T4	4	32978
132.012	0.0	T5	5	33003
132.112	0.0	T6	6	33028
132.212	0.0	T7	7	33053
132.312	0.0	T8	8	33078
132.412	0.0	T9	9	33103
132.512	0.0	T10	10	33128
132.612	0.0	T1	1	33153
132.712	0.0	T2	2	33178
132.812	0.0	T3	3	33203
132.912	0.0	T4	4	33228
133.012	0.0	T5	5	33253
133.112	0.0	T6	6	33278
133.212	0.0	T7	7	33303
133.312	0.0	T8	8	33328
133.412	0.0	T9	9	33353
133.512	0.0	T10	10	33378
133.612	0.0	T1	1	33403
133.712	0.0	T2	2	33428
133.812	0.0	T3	3	33453
133.912	0.0	T4	4	33478
134.012	0.0	T5	5	33503
134.112	0.0	T6	6	33528
134.212	0.0	T7	7	33553
134.312	0.0	T8	8	33578
134.412	0.0	T9	9	33603
134.512	0.0	T10	10	33628
134.612	0.0	T1	1	33653
134.712	0.0	T2	2	33678
134.812	0.0	T3	3	33703
134.912	0.0	T4	4	33728
135.012	0.0	T5	5	33753
135.112	0.0	T6	6	33778
135.212	0.0	T7	7	33803
135.312	0.0	T8	8	33828
135.412	0.0	T9	9	33853
135.512	0.0	T10	10	33878
135.616	0.0	T1	1	33904
135.712	0.0	T2	2	33928
135.816	0.0	T3	3	33954
135.916	0.0	T4	4	33979
136.016	0.0	T5	5	34004
136.116	0.0	T6	6	34029
136.216	0.0	T7	7	34054
136.316	0.0	T8	8	34079
136.416	0.0	T9	9	34104
136.516	0.0	T10	10	34129
136.616	0.0	T1	1	34154
136.716	0.0	T2	2	34179
136.816	0.0	T3	3	34204
136.916	0.0	T4	4	34229
137.016	0.0	T5	5	34254
137.116	0.0	T6	6	34279
137.216	0.0	T7	7	34304
137.316	0.0	T8	8	34329
137.416	0.0	T9	9	34354
137.516	0.0	T10	10	34379
137.616	0.0	T1	1	34404
137.716	0.0	T2	2	34429
137.816	0.0	T3	3	34454
137.916	0.0	T4	4	34479
138.016	0.0	T5	5	34504
138.116	0.0	T6	6	34529
138.216	0.0	T7	7	34554
138.316	0.0	T8	8	34579
138.416	0.0	T9	9	34604
138.516	0.0	T10	10	34629
138.616	0.0	T1	1	34654
138.716	0.0	T2	2	34679
138.816	0.0	T3	3	34704
138.916	0.0	T4	4	34729
139.016	0.0	T5	5	34754
139.116	0.0	T6	6	34779
139.216	0.0	T7	7	34804
139.316	0.0	T8	8	34829
139.416	0.0	T9	9	34854
139.516	0.0	T10	10	34879
139.616	0.0	T1	1	34904
139.716	0.0	T2	2	34929
139.816	0.0	T3	3	34954
139.916	0.0	T4	4	34979
140.016	0.0	T5	5	35004
140.116	0.0	T6	6	35029
140.216	0.0	T7	7	35054
140.316	0.0	T8	8	35079
140.416	0.0	T9	9	35104
140.516	0.0	T10	10	35129
140.616	0.0	T1	1	35154
140.716	0.0	T2	2	35179
140.816	0.0	T3	3	35204
140.916	0.0	T4	4	35229
141.016	0.0	T5	5	35254
141.116	0.0	T6	6	35279
141.216	0.0	T7	7	35304
141.316	0.0	T8	8	35329
141.416	0.0	T9	9	35354
141.516	0.0	T10	10	35379
141.616	0.0	T1	1	35404
141.716	0.0	T2	2	35429
141.816	0.0	T3	3	35454
141.916	0.0	T4	4	35479
142.016	0.0	T5	5	35504
142.116	0.0	T6	6	35529
142.216	0.0	T7	7	35554
142.316	0.0	T8	8	35579
142.416	0.0	T9	9	35604
142.516	0.0	T10	10	35629
142.616	0.0	T1	1	35654
142.716	0.0	T2	2	35679
142.816	0.0	T3	3	35704
142.916	0.0	T4	4	35729
143.016	0.0	T5	5	35754
143.116	0.0	T6	6	35779
143.216	0.0	T7	7	35804
143.316	0.0	T8	8	35829
143.416	0.0	T9	9	35854
143.516	0.0	T10	10	35879
143.616	0.0	T1	1	35904
143.716	0.0	T2	2	35929
143.816	0.0	T3	3	35954
143.916	0.0	T4	4	35979
144.016	0.0	T5	5	36004
144.116	0.0	T6	6	36029
144.216	0.0	T7	7	36054
144.316	0.0	T8	8	36079
144.416	0.0	T9	9	36104
144.516	0.0	T10	10	36129
144.616	0.0	T1	1	36154
144.716	0.0	T2	2	36179
144.816	0.0	T3	3	36204
144.916	0.0	T4	4	36229
145.016	0.0	T5	5	36254
145.116	0.0	T6	6	36279
145.216	0.0	T7	7	36304
145.316	0.0	T8	8	36329
145.416	0.0	T9	9	36354
145.516	0.0	T10	10	36379
145.616	0.0	T1	1	36404
145.716	0.0	T2	2	36429
145.816	0.0	T3	3	36454
145.916	0.0	T4	4	36479
146.016	0.0	T5	5	36504
146.116	0.0	T6	6	36529
146.216	0.0	T7	7	36554
146.316	0.0	T8	8	36579
146.416	0.0	T9	9	36604
146.516	0.0	T10	10	36629
146.616	0.0	T1	1	36654
146.716	0.0	T2	2	36679
146.816	0.0	T3	3	36704
146.916	0.0	T4	4	36729
147.016	0.0	T5	5	36754
147.116	0.0	T6	6	36779
147.216	0.0	T7	7	36804
147.316	0.0	T8	8	36829
147.416	0.0	T9	9	36854
147.516	0.0	T10	10	36879
147.616	0.0	T1	1	36904
147.716	0.0	T2	2	36929
147.816	0.0	T3	3	36954
147.916	0.0	T4	4	36979
148.016	0.0	T5	5	37004
148.116	0.0	T6	6	37029
148.216	0.0	T7	7	37054
148.316	0.0	T8	8	37079
148.416	0.0	T9	9	37104
148.516	0.0	T10	10	37129
148.616	0.0	T1	1	37154
148.716	0.0	T2	2	37179
148.816	0.0	T3	3	37204
148.916	0.0	T4	4	37229
149.016	0.0	T5	5	37254
149.116	0.0	T6	6	37279
149.216	0.0	T7	7	37304
149.316	0.0	T8	8	37329
149.416	0.0	T9	9	37354
149.516	0.0	T10	10	37379
149.616	0.0	T1	1	37404
149.716	0.0	T2	2	37429
149.816	0.0	T3	3	37454
149.916	0.0	T4	4	37479
150.02	0.0	T5	5	37505
150.116	0.0	T6	6	37529
150.216	0.0	T7	7	37554
150.316	0.0	T8	8	37579
150.416	0.0	T9	9	37604
150.516	0.0	T10	10	37629
150.616	0.0	T1	1	37654
150.716	0.0	T2	2	37679
150.816	0.0	T3	3	37704
150.916	0.0	T4	4	37729
151.016	0.0	T5	5	37754
151.12	0.0	T6	6	37780
151.216	0.0	T7	7	37804
151.316	0.0	T8	8	37829
151.416	0.0	T9	9	37854
151.52	0.0	T10	10	37880
151.62	0.0	T1	1	37905
151.72	0.0	T2	2	37930
151.816	0.0	T3	3	37954
151.916	0.0	T4	4	37979
152.02	0.0	T5	5	38005
152.116	0.0	T6	6	38029
152.216	0.0	T7	7	38054
152.32	0.0	T8	8	38080
152.42	0.0	T9	9	38105
152.52	0.0	T10	10	38130
152.62	0.0	T1	1	38155
152.72	0.0	T2	2	38180
152.82	0.0	T3	3	38205
152.92	0.0	T4	4	38230
153.02	0.0	T5	5	38255
153.12	0.0	T6	6	38280
153.22	0.0	T7	7	38305
153.32	0.0	T8	8	38330
153.42	0.0	T9	9	38355
153.52	0.0	T10	10	38380
153.62	0.0	T1	1	38405
153.72	0.0	T2	2	38430
153.82	0.0	T3	3	38455
153.92	0.0	T4	4	38480
154.02	0.0	T5	5	38505
154.12	0.0	T6	6	38530
154.22	0.0	T7	7	38555
154.32	0.0	T8	8	38580
154.42	0.0	T9	9	38605
154.52	0.0	T10	10	38630
154.62	0.0	T1	1	38655
154.72	0.0	T2	2	38680
154.82	0.0	T3	3	38705
154.92	0.0	T4	4	38730
155.02	0.0	T5	5	38755
155.12	0.0	T6	6	38780
155.22	0.0	T7	7	38805
155.32	0.0	T8	8	38830
155.42	0.0	T9	9	38855
155.52	0.0	T10	10	38880
155.62	0.0	T1	1	38905
155.72	0.0	T2	2	38930
155.82	0.0	T3	3	38955
155.92	0.0	T4	4	38980
156.02	0.0	T5	5	39005
156.12	0.0	T6	6	39030
156.22	0.0	T7	7	39055
156.32	0.0	T8	8	39080
156.42	0.0	T9	9	39105
156.52	0.0	T10	10	39130
156.62	0.0	T1	1	39155
156.72	0.0	T2	2	39180
156.82	0.0	T3	3	39205
156.92	0.0	T4	4	39230
157.02	0.0	T5	5	39255
157.12	0.0	T6	6	39280
157.22	0.0	T7	7	39305
157.32	0.0	T8	8	39330
157.42	0.0	T9	9	39355
157.52	0.0	T10	10	39380
157.62	0.0	T1	1	39405
157.72	0.0	T2	2	39430
157.82	0.0	T3	3	39455
157.92	0.0	T4	4	39480
158.02	0.0	T5	5	39505
158.12	0.0	T6	6	39530
158.22	0.0	T7	7	39555
158.32	0.0	T8	8	39580
158.42	0.0	T9	9	39605
158.52	0.0	T10	10	39630
158.62	0.0	T1	1	39655
158.72	0.0	T2	2	39680
158.82	0.0	T3	3	39705
158.92	0.0	T4	4	39730
159.02	0.0	T5	5	39755
159.12	0.0	T6	6	39780
159.22	0.0	T7	7	39805
159.32	0.0	T8	8	39830
159.42	0.0	T9	9	39855
159.52	0.0	T10	10	39880
159.62	0.0	T1	1	39905
159.72	0.0	T2	2	39930
159.82	0.0	T3	3	39955
159.924	0.0	T4	4	39981
160.02	0.0	T5	5	40005
160.12	0.0	T6	6	40030
160.22	0.0	T7	7	40055
160.32	0.0	T8	8	40080
160.42	0.0	T9	9	40105
160.52	0.0	T10	10	40130
160.62	0.0	T1	1	40155
160.72	0.0	T2	2	40180
160.82	0.0	T3	3	40205
160.92	0.0	T4	4	40230
161.02	0.0	T5	5	40255
161.12	0.0	T6	6	40280
161.224	0.0	T7	7	40306
161.32	0.0	T8	8	40330
161.42	0.0	T9	9	40355
161.52	0.0	T10	10	40380
161.62	0.0	T1	1	40405
161.724	0.0	T2	2	40431
161.82	0.0	T3	3	40455
161.92	0.0	T4	4	40480
162.02	0.0	T5	5	40505
162.12	0.0	T6	6	40530
162.22	0.0	T7	7	40555
162.32	0.0	T8	8	40580
162.42	0.0	T9	9	40605
162.52	0.0	T10	10	40630
162.62	0.0	T1	1	40655
162.72	0.0	T2	2	40680
162.82	0.0	T3	3	40705
162.92	0.0	T4	4	40730
163.02	0.0	T5	5	40755
163.124	0.0	T6	6	40781
163.22	0.0	T7	7	40805
163.32	0.0	T8	8	40830
163.42	0.0	T9	9	40855
163.52	0.0	T10	10	40880
163.62	0.0	T1	1	40905
163.72	0.0	T2	2	40930
163.82	0.0	T3	3	40955
163.92	0.0	T4	4	40980
164.02	0.0	T5	5	41005
164.12	0.0	T6	6	41030
164.22	0.0	T7	7	41055
164.32	0.0	T8	8	41080
164.42	0.0	T9	9	41105
164.52	0.0	T10	10	41130
164.62	0.0	T1	1	41155
164.736	0.0	T2	2	41184
164.84	0.0	T3	3	41210
164.94	0.0	T4	4	41235
165.04	0.0	T5	5	41260
165.14	0.0	T6	6	41285
165.24	0.0	T7	7	41310
165.34	0.0	T8	8	41335
165.44	0.0	T9	9	41360
165.54	0.0	T10	10	41385
165.64	0.0	T1	1	41410
182.624	0.0	T1	1	45656
182.724	0.0	T2	2	45681
182.824	0.0	T3	3	45706
182.924	0.0	T4	4	45731
183.024	0.0	T5	5	45756
183.124	0.0	T6	6	45781
183.224	0.0	T7	7	45806
183.324	0.0	T8	8	45831
183.424	0.0	T9	9	45856
183.524	0.0	T10	10	45881
183.624	0.0	T1	1	45906
183.724	0.0	T2	2	45931
183.824	0.0	T3	3	45956
183.924	0.0	T4	4	45981
184.024	0.0	T5	5	46006
184.124	0.0	T6	6	46031
184.224	0.0	T7	7	46056
184.324	0.0	T8	8	46081
184.424	0.0	T9	9	46106
184.524	0.0	T10	10	46131
184.624	0.0	T1	1	46156
184.724	0.0	T2	2	46181
184.824	0.0	T3	3	46206
184.924	0.0	T4	4	46231
185.024	0.0	T5	5	46256
185.124	0.0	T6	6	46281
185.224	0.0	T7	7	46306
185.328	0.0	T8	8	46332
185.424	0.0	T9	9	46356
185.528	0.0	T10	10	46382
185.624	0.0	T1	1	46406
185.724	0.0	T2	2	46431
185.828	0.0	T3	3	46457
185.924	0.0	T4	4	46481
186.024	0.0	T5	5	46506
186.128	0.0	T6	6	46532
186.228	0.0	T7	7	46557
186.328	0.0	T8	8	46582
186.428	0.0	T9	9	46607
186.528	0.0	T10	10	46632
186.628	0.0	T1	1	46657
186.728	0.0	T2	2	46682
186.828	0.0	T3	3	46707
186.928	0.0	T4	4	46732
187.028	0.0	T5	5	46757
187.128	0.0	T6	6	46782
187.228	0.0	T7	7	46807
187.328	0.0	T8	8	46832
187.428	0.0	T9	9	46857
187.528	0.0	T10	10	46882
187.628	0.0	T1	1	46907
187.728	0.0	T2	2	46932
187.828	0.0	T3	3	46957
187.928	0.0	T4	4	46982
188.028	0.0	T5	5	47007
188.128	0.0	T6	6	47032
188.228	0.0	T7	7	47057
188.328	0.0	T8	8	47082
188.428	0.0	T9	9	47107
188.528	0.0	T10	10	47132
188.628	0.0	T1	1	47157
188.728	0.0	T2	2	47182
188.828	0.0	T3	3	47207
188.928	0.0	T4	4	47232
189.028	0.0	T5	5	47257
189.128	0.0	T6	6	47282
189.228	0.0	T7	7	47307
189.328	0.0	T8	8	47332
189.428	0.0	T9	9	47357
189.528	0.0	T10	10	47382
189.628	0.0	T1	1	47407
189.728	0.0	T2	2	47432
189.828	0.0	T3	3	47457
189.928	0.0	T4	4	47482
190.028	0.0	T5	5	47507
190.128	0.0	T6	6	47532
190.228	0.0	T7	7	47557
190.328	0.0	T8	8	47582
190.428	0.0	T9	9	47607
190.528	0.0	T10	10	47632
190.628	0.0	T1	1	47657
190.728	0.0	T2	2	47682
190.828	0.0	T3	3	47707
190.928	0.0	T4	4	47732
191.028	0.0	T5	5	47757
191.128	0.0	T6	6	47782
191.228	0.0	T7	7	47807
191.328	0.0	T8	8	47832
191.428	0.0	T9	9	47857
191.528	0.0	T10	10	47882
191.628	0.0	T1	1	47907
191.728	0.0	T2	2	47932
191.828	0.0	T3	3	47957
191.928	0.0	T4	4	47982
192.028	0.0	T5	5	48007
192.128	0.0	T6	6	48032
192.228	0.0	T7	7	48057
192.328	0.0	T8	8	48082
192.428	0.0	T9	9	48107
192.528	0.0	T10	10	48132
192.628	0.0	T1	1	48157
192.728	0.0	T2	2	48182
192.828	0.0	T3	3	48207
192.928	0.0	T4	4	48232
193.028	0.0	T5	5	48257
193.128	0.0	T6	6	48282
193.228	0.0	T7	7	48307
193.328	0.0	T8	8	48332
193.428	0.0	T9	9	48357
193.528	0.0	T10	10	48382
193.628	0.0	T1	1	48407
193.728	0.0	T2	2	48432
193.828	0.0	T3	3	48457
193.928	0.0	T4	4	48482
194.028	0.0	T5	5	48507
194.128	0.0	T6	6	48532
194.228	0.0	T7	7	48557
194.328	0.0	T8	8	48582
194.428	0.0	T9	9	48607
194.528	0.0	T10	10	48632
194.628	0.0	T1	1	48657
194.728	0.0	T2	2	48682
194.828	0.0	T3	3	48707
194.928	0.0	T4	4	48732
195.028	0.0	T5	5	48757
195.128	0.0	T6	6	48782
195.228	0.0	T7	7	48807
195.328	0.0	T8	8	48832
195.428	0.0	T9	9	48857
195.528	0.0	T10	10	48882
195.628	0.0	T1	1	48907
195.728	0.0	T2	2	48932
195.828	0.0	T3	3	48957
195.928	0.0	T4	4	48982
196.028	0.0	T5	5	49007
196.132	0.0	T6	6	49033
196.228	0.0	T7	7	49057
196.328	0.0	T8	8	49082
196.428	0.0	T9	9	49107
196.528	0.0	T10	10	49132
196.628	0.0	T1	1	49157
196.728	0.0	T2	2	49182
196.828	0.0	T3	3	49207
196.928	0.0	T4	4	49232
197.028	0.0	T5	5	49257
197.128	0.0	T6	6	49282
197.228	0.0	T7	7	49307
197.328	0.0	T8	8	49332
197.428	0.0	T9	9	49357
197.528	0.0	T10	10	49382
197.628	0.0	T1	1	49407
197.728	0.0	T2	2	49432
197.828	0.0	T3	3	49457
197.928	0.0	T4	4	49482
198.028	0.0	T5	5	49507
198.128	0.0	T6	6	49532
198.228	0.0	T7	7	49557
198.328	0.0	T8	8	49582
198.428	0.0	T9	9	49607
198.528	0.0	T10	10	49632
198.628	0.0	T1	1	49657
198.728	0.0	T2	2	49682
198.828	0.0	T3	3	49707
198.928	0.0	T4	4	49732
199.028	0.0	T5	5	49757
199.132	0.0	T6	6	49783
199.228	0.0	T7	7	49807
199.328	0.0	T8	8	49832
199.428	0.0	T9	9	49857
199.528	0.0	T10	10	49882
199.628	0.0	T1	1	49907
199.728	0.0	T2	2	49932
199.828	0.0	T3	3	49957
199.928	0.0	T4	4	49982
200.028	0.0	T5	5	50007
200.128	0.0	T6	6	50032
200.228	0.0	T7	7	50057
200.328	0.0	T8	8	50082
200.428	0.0	T9	9	50107
200.528	0.0	T10	10	50132
200.628	0.0	T1	1	50157
200.728	0.0	T2	2	50182
200.828	0.0	T3	3	50207
200.928	0.0	T4	4	50232
201.028	0.0	T5	5	50257
201.128	0.0	T6	6	50282
201.228	0.0	T7	7	50307
201.328	0.0	T8	8	50332
201.428	0.0	T9	9	50357
201.528	0.0	T10	10	50382
201.628	0.0	T1	1	50407
201.728	0.0	T2	2	50432
201.828	0.0	T3	3	50457
201.928	0.0	T4	4	50482
202.028	0.0	T5	5	50507
202.132	0.0	T6	6	50533
202.232	0.0	T7	7	50558
202.332	0.0	T8	8	50583
202.432	0.0	T9	9	50608
202.532	0.0	T10	10	50633
202.632	0.0	T1	1	50658
202.728	0.0	T2	2	50682
202.832	0.0	T3	3	50708
202.932	0.0	T4	4	50733
203.032	0.0	T5	5	50758
203.132	0.0	T6	6	50783
203.232	0.0	T7	7	50808
203.332	0.0	T8	8	50833
203.432	0.0	T9	9	50858
203.532	0.0	T10	10	50883
203.632	0.0	T1	1	50908
203.732	0.0	T2	2	50933
203.832	0.0	T3	3	50958
203.932	0.0	T4	4	50983
204.032	0.0	T5	5	51008
204.132	0.0	T6	6	51033
204.232	0.0	T7	7	51058
204.332	0.0	T8	8	51083
204.432	0.0	T9	9	51108
204.532	0.0	T10	10	51133
204.632	0.0	T1	1	51158
204.732	0.0	T2	2	51183
204.832	0.0	T3	3	51208
204.932	0.0	T4	4	51233
205.032	0.0	T5	5	51258
205.132	0.0	T6	6	51283
205.232	0.0	T7	7	51308
205.332	0.0	T8	8	51333
205.432	0.0	T9	9	51358
205.532	0.0	T10	10	51383
205.632	0.0	T1	1	51408
205.732	0.0	T2	2	51433
205.832	0.0	T3	3	51458
205.932	0.0	T4	4	51483
206.032	0.0	T5	5	51508
206.132	0.0	T6	6	51533
206.232	0.0	T7	7	51558
206.332	0.0	T8	8	51583
206.432	0.0	T9	9	51608
206.532	0.0	T10	10	51633
206.632	0.0	T1	1	51658
206.732	0.0	T2	2	51683
206.832	0.0	T3	3	51708
206.932	0.0	T4	4	51733
207.032	0.0	T5	5	51758
207.132	0.0	T6	6	51783
207.232	0.0	T7	7	51808
207.332	0.0	T8	8	51833
207.432	0.0	T9	9	51858
207.532	0.0	T10	10	51883
207.632	0.0	T1	1	51908
207.732	0.0	T2	2	51933
207.832	0.0	T3	3	51958
207.932	0.0	T4	4	51983
208.032	0.0	T5	5	52008
208.132	0.0	T6	6	52033
208.232	0.0	T7	7	52058
208.332	0.0	T8	8	52083
208.432	0.0	T9	9	52108
208.532	0.0	T10	10	52133
208.632	0.0	T1	1	52158
208.732	0.0	T2	2	52183
208.832	0.0	T3	3	52208
208.932	0.0	T4	4	52233
209.032	0.0	T5	5	52258
209.132	0.0	T6	6	52283
209.232	0.0	T7	7	52308
209.332	0.0	T8	8	52333
209.432	0.0	T9	9	52358
209.532	0.0	T10	10	52383
209.632	0.0	T1	1	52408
209.732	0.0	T2	2	52433
209.832	0.0	T3	3	52458
209.932	0.0	T4	4	52483
210.036	0.0	T5	5	52509
210.132	0.0	T6	6	52533
210.232	0.0	T7	7	52558
210.332	0.0	T8	8	52583
210.432	0.0	T9	9	52608
210.532	0.0	T10	10	52633
210.632	0.0	T1	1	52658
210.732	0.0	T2	2	52683
210.832	0.0	T3	3	52708
210.932	0.0	T4	4	52733
211.032	0.0	T5	5	52758
211.132	0.0	T6	6	52783
211.232	0.0	T7	7	52808
211.332	0.0	T8	8	52833
211.432	0.0	T9	9	52858
211.532	0.0	T10	10	52883
211.632	0.0	T1	1	52908
211.736	0.0	T2	2	52934
211.832	0.0	T3	3	52958
211.932	0.0	T4	4	52983
212.032	0.0	T5	5	53008
212.132	0.0	T6	6	53033
212.232	0.0	T7	7	53058
212.332	0.0	T8	8	53083
212.432	0.0	T9	9	53108
212.532	0.0	T10	10	53133
212.632	0.0	T1	1	53158
212.732	0.0	T2	2	53183
212.832	0.0	T3	3	53208
212.932	0.0	T4	4	53233
213.032	0.0	T5	5	53258
213.136	0.0	T6	6	53284
213.232	0.0	T7	7	53308
213.332	0.0	T8	8	53333
213.432	0.0	T9	9	53358
213.532	0.0	T10	10	53383
213.632	0.0	T1	1	53408
213.732	0.0	T2	2	53433
213.832	0.0	T3	3	53458
213.932	0.0	T4	4	53483
214.032	0.0	T5	5	53508
214.136	0.0	T6	6	53534
214.232	0.0	T7	7	53558
214.332	0.0	T8	8	53583
214.432	0.0	T9	9	53608
214.532	0.0	T10	10	53633
214.632	0.0	T1	1	53658
214.732	0.0	T2	2	53683
214.832	0.0	T3	3	53708
214.932	0.0	T4	4	53733
215.032	0.0	T5	5	53758
215.136	0.0	T6	6	53784
215.236	0.0	T7	7	53809
215.336	0.0	T8	8	53834
215.436	0.0	T9	9	53859
215.536	0.0	T10	10	53884
215.636	0.0	T1	1	53909
215.736	0.0	T2	2	53934
215.836	0.0	T3	3	53959
215.936	0.0	T4	4	53984
216.036	0.0	T5	5	54009
216.136	0.0	T6	6	54034
216.236	0.0	T7	7	54059
216.336	0.0	T8	8	54084
216.436	0.0	T9	9	54109
216.536	0.0	T10	10	54134
216.636	0.0	T1	1	54159
216.736	0.0	T2	2	54184
216.836	0.0	T3	3	54209
216.936	0.0	T4	4	54234
217.036	0.0	T5	5	54259
217.136	0.0	T6	6	54284
217.236	0.0	T7	7	54309
217.336	0.0	T8	8	54334
217.436	0.0	T9	9	54359
217.536	0.0	T10	10	54384
217.636	0.0	T1	1	54409
217.736	0.0	T2	2	54434
217.836	0.0	T3	3	54459
217.936	0.0	T4	4	54484
218.036	0.0	T5	5	54509
218.136	0.0	T6	6	54534
218.236	0.0	T7	7	54559
218.336	0.0	T8	8	54584
218.436	0.0	T9	9	54609
218.536	0.0	T10	10	54634
218.636	0.0	T1	1	54659
218.736	0.0	T2	2	54684
218.836	0.0	T3	3	54709
218.936	0.0	T4	4	54734
219.036	0.0	T5	5	54759
219.136	0.0	T6	6	54784
219.236	0.0	T7	7	54809
219.336	0.0	T8	8	54834
219.436	0.0	T9	9	54859
219.536	0.0	T10	10	54884
219.636	0.0	T1	1	54909
219.736	0.0	T2	2	54934
219.836	0.0	T3	3	54959
219.936	0.0	T4	4	54984
220.036	0.0	T5	5	55009
220.136	0.0	T6	6	55034
220.236	0.0	T7	7	55059
220.336	0.0	T8	8	55084
220.436	0.0	T9	9	55109
220.536	0.0	T10	10	55134
220.636	0.0	T1	1	55159
220.736	0.0	T2	2	55184
220.836	0.0	T3	3	55209
220.936	0.0	T4	4	55234
221.036	0.0	T5	5	55259
221.136	0.0	T6	6	55284
221.236	0.0	T7	7	55309
221.336	0.0	T8	8	55334
221.436	0.0	T9	9	55359
221.536	0.0	T10	10	55384
221.636	0.0	T1	1	55409
221.736	0.0	T2	2	55434
221.836	0.0	T3	3	55459
221.936	0.0	T4	4	55484
222.036	0.0	T5	5	55509
222.136	0.0	T6	6	55534
222.236	0.0	T7	7	55559
222.336	0.0	T8	8	55584
222.436	0.0	T9	9	55609
222.536	0.0	T10	10	55634
222.636	0.0	T1	1	55659
222.736	0.0	T2	2	55684
222.836	0.0	T3	3	55709
222.936	0.0	T4	4	55734
223.036	0.0	T5	5	55759
223.136	0.0	T6	6	55784
223.236	0.0	T7	7	55809
223.336	0.0	T8	8	55834
223.436	0.0	T9	9	55859
223.536	0.0	T10	10	55884
223.636	0.0	T1	1	55909
223.736	0.0	T2	2	55934
223.836	0.0	T3	3	55959
223.936	0.0	T4	4	55984
224.036	0.0	T5	5	56009
224.136	0.0	T6	6	56034
224.236	0.0	T7	7	56059
224.336	0.0	T8	8	56084
224.436	0.0	T9	9	56109
224.536	0.0	T10	10	56134
224.636	0.0	T1	1	56159
224.736	0.0	T2	2	56184
224.836	0.0	T3	3	56209
224.936	0.0	T4	4	56234
225.036	0.0	T5	5	56259
225.136	0.0	T6	6	56284
225.236	0.0	T7	7	56309
225.336	0.0	T8	8	56334
225.436	0.0	T9	9	56359
225.536	0.0	T10	10	56384
225.636	0.0	T1	1	56409
225.736	0.0	T2	2	56434
225.836	0.0	T3	3	56459
225.936	0.0	T4	4	56484
226.036	0.0	T5	5	56509
226.14	0.0	T6	6	56535
226.236	0.0	T7	7	56559
226.336	0.0	T8	8	56584
226.436	0.0	T9	9	56609
226.536	0.0	T10	10	56634
226.636	0.0	T1	1	56659
226.736	0.0	T2	2	56684
226.836	0.0	T3	3	56709
226.936	0.0	T4	4	56734
227.036	0.0	T5	5	56759
227.136	0.0	T6	6	56784
227.236	0.0	T7	7	56809
227.336	0.0	T8	8	56834
227.436	0.0	T9	9	56859
227.536	0.0	T10	10	56884
227.636	0.0	T1	1	56909
227.736	0.0	T2	2	56934
227.836	0.0	T3	3	56959
227.936	0.0	T4	4	56984
228.036	0.0	T5	5	57009
228.136	0.0	T6	6	57034
228.236	0.0	T7	7	57059
228.336	0.0	T8	8	57084
228.436	0.0	T9	9	57109
228.536	0.0	T10	10	57134
228.636	0.0	T1	1	57159
228.736	0.0	T2	2	57184
228.836	0.0	T3	3	57209
228.936	0.0	T4	4	57234
229.036	0.0	T5	5	57259
229.136	0.0	T6	6	57284
229.236	0.0	T7	7	57309
229.336	0.0	T8	8	57334
229.436	0.0	T9	9	57359
229.536	0.0	T10	10	57384
229.636	0.0	T1	1	57409
229.736	0.0	T2	2	57434
229.836	0.0	T3	3	57459
229.936	0.0	T4	4	57484
230.036	0.0	T5	5	57509
230.136	0.0	T6	6	57534
230.236	0.0	T7	7	57559
230.336	0.0	T8	8	57584
230.436	0.0	T9	9	57609
230.536	0.0	T10	10	57634
230.636	0.0	T1	1	57659
230.736	0.0	T2	2	57684
230.836	0.0	T3	3	57709
230.936	0.0	T4	4	57734
231.04	0.0	T5	5	57760
231.136	0.0	T6	6	57784
231.236	0.0	T7	7	57809
231.336	0.0	T8	8	57834
231.436	0.0	T9	9	57859
231.536	0.0	T10	10	57884
231.64	0.0	T1	1	57910
231.736	0.0	T2	2	57934
231.836	0.0	T3	3	57959
231.936	0.0	T4	4	57984
232.036	0.0	T5	5	58009
232.136	0.0	T6	6	58034
232.236	0.0	T7	7	58059
232.336	0.0	T8	8	58084
232.436	0.0	T9	9	58109
232.536	0.0	T10	10	58134
232.636	0.0	T1	1	58159
232.736	0.0	T2	2	58184
232.836	0.0	T3	3	58209
232.936	0.0	T4	4	58234
233.036	0.0	T5	5	58259
233.136	0.0	T6	6	58284
233.236	0.0	T7	7	58309
233.336	0.0	T8	8	58334
233.436	0.0	T9	9	58359
233.536	0.0	T10	10	58384
233.636	0.0	T1	1	58409
233.736	0.0	T2	2	58434
233.836	0.0	T3	3	58459
233.936	0.0	T4	4	58484
234.036	0.0	T5	5	58509
234.136	0.0	T6	6	58534
234.236	0.0	T7	7	58559
234.336	0.0	T8	8	58584
234.436	0.0	T9	9	58609
234.536	0.0	T10	10	58634
234.636	0.0	T1	1	58659
234.736	0.0	T2	2	58684
234.84	0.0	T3	3	58710
234.936	0.0	T4	4	58734
235.04	0.0	T5	5	58760
235.14	0.0	T6	6	58785
235.236	0.0	T7	7	58809
235.34	0.0	T8	8	58835
235.44	0.0	T9	9	58860
235.54	0.0	T10	10	58885
235.64	0.0	T1	1	58910
235.74	0.0	T2	2	58935
235.84	0.0	T3	3	58960
235.94	0.0	T4	4	58985
236.04	0.0	T5	5	59010
236.14	0.0	T6	6	59035
236.24	0.0	T7	7	59060
236.34	0.0	T8	8	59085
236.44	0.0	T9	9	59110
236.54	0.0	T10	10	59135
236.64	0.0	T1	1	59160
236.74	0.0	T2	2	59185
236.84	0.0	T3	3	59210
236.94	0.0	T4	4	59235
237.04	0.0	T5	5	59260
237.14	0.0	T6	6	59285
237.24	0.0	T7	7	59310
237.34	0.0	T8	8	59335
237.44	0.0	T9	9	59360
237.54	0.0	T10	10	59385
237.64	0.0	T1	1	59410
237.74	0.0	T2	2	59435
237.84	0.0	T3	3	59460
237.94	0.0	T4	4	59485
238.04	0.0	T5	5	59510
238.14	0.0	T6	6	59535
238.24	0.0	T7	7	59560
238.34	0.0	T8	8	59585
238.44	0.0	T9	9	59610
238.54	0.0	T10	10	59635
238.64	0.0	T1	1	59660
238.74	0.0	T2	2	59685
238.84	0.0	T3	3	59710
238.94	0.0	T4	4	59735
239.04	0.0	T5	5	59760
239.14	0.0	T6	6	59785
239.24	0.0	T7	7	59810
239.34	0.0	T8	8	59835
239.44	0.0	T9	9	59860
239.54	0.0	T10	10	59885
239.64	0.0	T1	1	59910
239.74	0.0	T2	2	59935
239.84	0.0	T3	3	59960
239.94	0.0	T4	4	59985
240.04	0.0	T5	5	60010
240.14	0.0	T6	6	60035
240.24	0.0	T7	7	60060
240.34	0.0	T8	8	60085
240.44	0.0	T9	9	60110
240.54	0.0	T10	10	60135
240.64	0.0	T1	1	60160
240.74	0.0	T2	2	60185
240.84	0.0	T3	3	60210
240.94	0.0	T4	4	60235
241.04	0.0	T5	5	60260
241.14	0.0	T6	6	60285
241.24	0.0	T7	7	60310
241.34	0.0	T8	8	60335
241.44	0.0	T9	9	60360
241.54	0.0	T10	10	60385
241.64	0.0	T1	1	60410
241.74	0.0	T2	2	60435
241.84	0.0	T3	3	60460
241.94	0.0	T4	4	60485
242.04	0.0	T5	5	60510
242.14	0.0	T6	6	60535
242.24	0.0	T7	7	60560
242.34	0.0	T8	8	60585
242.44	0.0	T9	9	60610
242.54	0.0	T10	10	60635
242.64	0.0	T1	1	60660
242.74	0.0	T2	2	60685
242.84	0.0	T3	3	60710
242.94	0.0	T4	4	60735
243.04	0.0	T5	5	60760
243.14	0.0	T6	6	60785
243.24	0.0	T7	7	60810
243.34	0.0	T8	8	60835
243.44	0.0	T9	9	60860
243.54	0.0	T10	10	60885
243.64	0.0	T1	1	60910
243.74	0.0	T2	2	60935
243.84	0.0	T3	3	60960
243.94	0.0	T4	4	60985
244.04	0.0	T5	5	61010
244.14	0.0	T6	6	61035
244.24	0.0	T7	7	61060
244.34	0.0	T8	8	61085
244.44	0.0	T9	9	61110
244.54	0.0	T10	10	61135
244.64	0.0	T1	1	61160
244.74	0.0	T2	2	61185
244.84	0.0	T3	3	61210
244.94	0.0	T4	4	61235
245.04	0.0	T5	5	61260
245.14	0.0	T6	6	61285
245.24	0.0	T7	7	61310
245.34	0.0	T8	8	61335
245.44	0.0	T9	9	61360
245.54	0.0	T10	10	61385
245.64	0.0	T1	1	61410
245.74	0.0	T2	2	61435
245.84	0.0	T3	3	61460
245.94	0.0	T4	4	61485
246.04	0.0	T5	5	61510
246.14	0.0	T6	6	61535
246.24	0.0	T7	7	61560
246.34	0.0	T8	8	61585
246.44	0.0	T9	9	61610
246.54	0.0	T10	10	61635
246.64	0.0	T1	1	61660
246.74	0.0	T2	2	61685
246.84	0.0	T3	3	61710
246.94	0.0	T4	4	61735
247.04	0.0	T5	5	61760
247.14	0.0	T6	6	61785
247.24	0.0	T7	7	61810
247.34	0.0	T8	8	61835
247.44	0.0	T9	9	61860
247.54	0.0	T10	10	61885
247.64	0.0	T1	1	61910
247.74	0.0	T2	2	61935
247.84	0.0	T3	3	61960
247.94	0.0	T4	4	61985
248.04	0.0	T5	5	62010
248.14	0.0	T6	6	62035
248.24	0.0	T7	7	62060
248.344	0.0	T8	8	62086
248.44	0.0	T9	9	62110
248.54	0.0	T10	10	62135
248.64	0.0	T1	1	62160
248.74	0.0	T2	2	62185
248.84	0.0	T3	3	62210
248.94	0.0	T4	4	62235
249.04	0.0	T5	5	62260
249.14	0.0	T6	6	62285
249.24	0.0	T7	7	62310
249.34	0.0	T8	8	62335
249.44	0.0	T9	9	62360
249.54	0.0	T10	10	62385
249.64	0.0	T1	1	62410
249.74	0.0	T2	2	62435
249.84	0.0	T3	3	62460
249.94	0.0	T4	4	62485
250.04	0.0	T5	5	62510
250.14	0.0	T6	6	62535
250.24	0.0	T7	7	62560
250.344	0.0	T8	8	62586
250.44	0.0	T9	9	62610
250.54	0.0	T10	10	62635
250.64	0.0	T1	1	62660
250.74	0.0	T2	2	62685
250.84	0.0	T3	3	62710
250.94	0.0	T4	4	62735
251.04	0.0	T5	5	62760
251.14	0.0	T6	6	62785
251.24	0.0	T7	7	62810
251.34	0.0	T8	8	62835
251.44	0.0	T9	9	62860
251.54	0.0	T10	10	62885
251.644	0.0	T1	1	62911
251.74	0.0	T2	2	62935
251.84	0.0	T3	3	62960
251.94	0.0	T4	4	62985
252.04	0.0	T5	5	63010
252.14	0.0	T6	6	63035
252.24	0.0	T7	7	63060
252.34	0.0	T8	8	63085
252.44	0.0	T9	9	63110
252.54	0.0	T10	10	63135
252.64	0.0	T1	1	63160
252.74	0.0	T2	2	63185
252.84	0.0	T3	3	63210
252.94	0.0	T4	4	63235
253.04	0.0	T5	5	63260
253.14	0.0	T6	6	63285
253.24	0.0	T7	7	63310
253.34	0.0	T8	8	63335
253.44	0.0	T9	9	63360
253.54	0.0	T10	10	63385
253.64	0.0	T1	1	63410
253.74	0.0	T2	2	63435
253.84	0.0	T3	3	63460
253.94	0.0	T4	4	63485
254.04	0.0	T5	5	63510
254.14	0.0	T6	6	63535
254.24	0.0	T7	7	63560
254.34	0.0	T8	8	63585
254.44	0.0	T9	9	63610
254.54	0.0	T10	10	63635
254.64	0.0	T1	1	63660
254.74	0.0	T2	2	63685
254.84	0.0	T3	3	63710
254.94	0.0	T4	4	63735
255.04	0.0	T5	5	63760
255.14	0.0	T6	6	63785
255.24	0.0	T7	7	63810
255.34	0.0	T8	8	63835
255.44	0.0	T9	9	63860
255.54	0.0	T10	10	63885
255.64	0.0	T1	1	63910
255.74	0.0	T2	2	63935
255.84	0.0	T3	3	63960
255.94	0.0	T4	4	63985
256.04	0.0	T5	5	64010
256.14	0.0	T6	6	64035
256.24	0.0	T7	7	64060
256.34	0.0	T8	8	64085
256.44	0.0	T9	9	64110
256.544	0.0	T10	10	64136
256.644	0.0	T1	1	64161
256.744	0.0	T2	2	64186
256.84	0.0	T3	3	64210
256.94	0.0	T4	4	64235
257.04	0.0	T5	5	64260
257.144	0.0	T6	6	64286
257.244	0.0	T7	7	64311
257.344	0.0	T8	8	64336
257.444	0.0	T9	9	64361
257.544	0.0	T10	10	64386
257.644	0.0	T1	1	64411
257.744	0.0	T2	2	64436
257.844	0.0	T3	3	64461
257.944	0.0	T4	4	64486
258.044	0.0	T5	5	64511
258.144	0.0	T6	6	64536
258.244	0.0	T7	7	64561
258.344	0.0	T8	8	64586
258.444	0.0	T9	9	64611
258.544	0.0	T10	10	64636
258.644	0.0	T1	1	64661
258.744	0.0	T2	2	64686
258.844	0.0	T3	3	64711
258.944	0.0	T4	4	64736
259.044	0.0	T5	5	64761
259.144	0.0	T6	6	64786
259.244	0.0	T7	7	64811
259.344	0.0	T8	8	64836
259.444	0.0	T9	9	64861
259.544	0.0	T10	10	64886
259.644	0.0	T1	1	64911
259.744	0.0	T2	2	64936
259.844	0.0	T3	3	64961
259.944	0.0	T4	4	64986
260.044	0.0	T5	5	65011
260.144	0.0	T6	6	65036
260.244	0.0	T7	7	65061
260.344	0.0	T8	8	65086
260.444	0.0	T9	9	65111
260.544	0.0	T10	10	65136
260.644	0.0	T1	1	65161
260.744	0.0	T2	2	65186
260.844	0.0	T3	3	65211
260.944	0.0	T4	4	65236
261.044	0.0	T5	5	65261
261.144	0.0	T6	6	65286
261.244	0.0	T7	7	65311
261.344	0.0	T8	8	65336
261.444	0.0	T9	9	65361
261.544	0.0	T10	10	65386
261.644	0.0	T1	1	65411
261.744	0.0	T2	2	65436
261.844	0.0	T3	3	65461
261.944	0.0	T4	4	65486
262.044	0.0	T5	5	65511
262.144	0.0	T6	6	65536
262.244	0.0	T7	7	65561
262.344	0.0	T8	8	65586
262.444	0.0	T9	9	65611
262.544	0.0	T10	10	65636
262.644	0.0	T1	1	65661
262.744	0.0	T2	2	65686
262.844	0.0	T3	3	65711
262.944	0.0	T4	4	65736
263.044	0.0	T5	5	65761
263.144	0.0	T6	6	65786
263.244	0.0	T7	7	65811
263.344	0.0	T8	8	65836
263.444	0.0	T9	9	65861
263.544	0.0	T10	10	65886
263.644	0.0	T1	1	65911
263.744	0.0	T2	2	65936
263.844	0.0	T3	3	65961
263.944	0.0	T4	4	65986
264.044	0.0	T5	5	66011
264.144	0.0	T6	6	66036
264.244	0.0	T7	7	66061
264.344	0.0	T8	8	66086
264.444	0.0	T9	9	66111
264.544	0.0	T10	10	66136
264.644	0.0	T1	1	66161
264.744	0.0	T2	2	66186
264.844	0.0	T3	3	66211
264.944	0.0	T4	4	66236
265.044	0.0	T5	5	66261
265.144	0.0	T6	6	66286
265.244	0.0	T7	7	66311
265.344	0.0	T8	8	66336
265.444	0.0	T9	9	66361
265.544	0.0	T10	10	66386
265.644	0.0	T1	1	66411
265.744	0.0	T2	2	66436
265.844	0.0	T3	3	66461
265.944	0.0	T4	4	66486
266.044	0.0	T5	5	66511
266.144	0.0	T6	6	66536
266.244	0.0	T7	7	66561
266.344	0.0	T8	8	66586
266.444	0.0	T9	9	66611
266.544	0.0	T10	10	66636
266.644	0.0	T1	1	66661
266.744	0.0	T2	2	66686
266.844	0.0	T3	3	66711
266.944	0.0	T4	4	66736
267.044	0.0	T5	5	66761
267.144	0.0	T6	6	66786
267.244	0.0	T7	7	66811
267.344	0.0	T8	8	66836
267.444	0.0	T9	9	66861
267.544	0.0	T10	10	66886
267.644	0.0	T1	1	66911
267.744	0.0	T2	2	66936
267.844	0.0	T3	3	66961
267.944	0.0	T4	4	66986
268.044	0.0	T5	5	67011
268.144	0.0	T6	6	67036
268.244	0.0	T7	7	67061
268.344	0.0	T8	8	67086
268.444	0.0	T9	9	67111
268.544	0.0	T10	10	67136
268.644	0.0	T1	1	67161
268.744	0.0	T2	2	67186
268.844	0.0	T3	3	67211
268.944	0.0	T4	4	67236
269.044	0.0	T5	5	67261
269.144	0.0	T6	6	67286
269.244	0.0	T7	7	67311
269.344	0.0	T8	8	67336
269.444	0.0	T9	9	67361
269.544	0.0	T10	10	67386
269.644	0.0	T1	1	67411
269.744	0.0	T2	2	67436
269.844	0.0	T3	3	67461
269.944	0.0	T4	4	67486
270.044	0.0	T5	5	67511
270.144	0.0	T6	6	67536
270.244	0.0	T7	7	67561
270.344	0.0	T8	8	67586
270.444	0.0	T9	9	67611
270.544	0.0	T10	10	67636
270.644	0.0	T1	1	67661
270.744	0.0	T2	2	67686
270.844	0.0	T3	3	67711
270.944	0.0	T4	4	67736
271.044	0.0	T5	5	67761
271.144	0.0	T6	6	67786
271.244	0.0	T7	7	67811
271.344	0.0	T8	8	67836
271.444	0.0	T9	9	67861
271.544	0.0	T10	10	67886
271.644	0.0	T1	1	67911
271.744	0.0	T2	2	67936
271.844	0.0	T3	3	67961
271.944	0.0	T4	4	67986
272.044	0.0	T5	5	68011
272.144	0.0	T6	6	68036
272.244	0.0	T7	7	68061
272.344	0.0	T8	8	68086
272.444	0.0	T9	9	68111
272.544	0.0	T10	10	68136
272.644	0.0	T1	1	68161
272.744	0.0	T2	2	68186
272.844	0.0	T3	3	68211
272.944	0.0	T4	4	68236
273.044	0.0	T5	5	68261
273.144	0.0	T6	6	68286
273.244	0.0	T7	7	68311
273.344	0.0	T8	8	68336
273.444	0.0	T9	9	68361
273.544	0.0	T10	10	68386
273.644	0.0	T1	1	68411
273.744	0.0	T2	2	68436
273.844	0.0	T3	3	68461
273.948	0.0	T4	4	68487
274.044	0.0	T5	5	68511
274.144	0.0	T6	6	68536
274.244	0.0	T7	7	68561
274.344	0.0	T8	8	68586
274.444	0.0	T9	9	68611
274.548	0.0	T10	10	68637
274.644	0.0	T1	1	68661
274.744	0.0	T2	2	68686
274.844	0.0	T3	3	68711
274.944	0.0	T4	4	68736
275.044	0.0	T5	5	68761
275.148	0.0	T6	6	68787
275.248	0.0	T7	7	68812
275.348	0.0	T8	8	68837
275.448	0.0	T9	9	68862
275.548	0.0	T10	10	68887
275.648	0.0	T1	1	68912
275.748	0.0	T2	2	68937
275.848	0.0	T3	3	68962
275.948	0.0	T4	4	68987
276.048	0.0	T5	5	69012
276.148	0.0	T6	6	69037
276.248	0.0	T7	7	69062
276.348	0.0	T8	8	69087
276.448	0.0	T9	9	69112
276.548	0.0	T10	10	69137
276.648	0.0	T1	1	69162
276.748	0.0	T2	2	69187
276.848	0.0	T3	3	69212
276.948	0.0	T4	4	69237
277.048	0.0	T5	5	69262
277.148	0.0	T6	6	69287
277.248	0.0	T7	7	69312
277.348	0.0	T8	8	69337
277.448	0.0	T9	9	69362
277.548	0.0	T10	10	69387
277.648	0.0	T1	1	69412
277.748	0.0	T2	2	69437
277.848	0.0	T3	3	69462
277.948	0.0	T4	4	69487
278.048	0.0	T5	5	69512
278.148	0.0	T6	6	69537
278.248	0.0	T7	7	69562
278.348	0.0	T8	8	69587
278.448	0.0	T9	9	69612
278.548	0.0	T10	10	69637
278.648	0.0	T1	1	69662
278.748	0.0	T2	2	69687
278.848	0.0	T3	3	69712
278.948	0.0	T4	4	69737
279.048	0.0	T5	5	69762
279.148	0.0	T6	6	69787
279.248	0.0	T7	7	69812
279.348	0.0	T8	8	69837
279.448	0.0	T9	9	69862
279.548	0.0	T10	10	69887
279.648	0.0	T1	1	69912
279.748	0.0	T2	2	69937
279.848	0.0	T3	3	69962
279.948	0.0	T4	4	69987
280.048	0.0	T5	5	70012
280.148	0.0	T6	6	70037
280.248	0.0	T7	7	70062
280.348	0.0	T8	8	70087
280.448	0.0	T9	9	70112
280.548	0.0	T10	10	70137
280.648	0.0	T1	1	70162
280.748	0.0	T2	2	70187
280.848	0.0	T3	3	70212
280.948	0.0	T4	4	70237
281.048	0.0	T5	5	70262
281.148	0.0	T6	6	70287
281.248	0.0	T7	7	70312
281.348	0.0	T8	8	70337
281.448	0.0	T9	9	70362
281.548	0.0	T10	10	70387
281.648	0.0	T1	1	70412
281.748	0.0	T2	2	70437
281.848	0.0	T3	3	70462
281.948	0.0	T4	4	70487
282.048	0.0	T5	5	70512
282.148	0.0	T6	6	70537
282.248	0.0	T7	7	70562
282.348	0.0	T8	8	70587
282.448	0.0	T9	9	70612
282.548	0.0	T10	10	70637
282.648	0.0	T1	1	70662
282.748	0.0	T2	2	70687
282.848	0.0	T3	3	70712
282.948	0.0	T4	4	70737
283.048	0.0	T5	5	70762
283.148	0.0	T6	6	70787
283.248	0.0	T7	7	70812
283.348	0.0	T8	8	70837
283.448	0.0	T9	9	70862
283.548	0.0	T10	10	70887
283.648	0.0	T1	1	70912
283.748	0.0	T2	2	70937
283.848	0.0	T3	3	70962
283.948	0.0	T4	4	70987
284.048	0.0	T5	5	71012
284.148	0.0	T6	6	71037
284.248	0.0	T7	7	71062
284.348	0.0	T8	8	71087
284.448	0.0	T9	9	71112
284.548	0.0	T10	10	71137
284.648	0.0	T1	1	71162
284.748	0.0	T2	2	71187
284.848	0.0	T3	3	71212
284.948	0.0	T4	4	71237
285.048	0.0	T5	5	71262
285.148	0.0	T6	6	71287
285.248	0.0	T7	7	71312
285.348	0.0	T8	8	71337
285.448	0.0	T9	9	71362
285.548	0.0	T10	10	71387
285.648	0.0	T1	1	71412
285.748	0.0	T2	2	71437
285.848	0.0	T3	3	71462
285.948	0.0	T4	4	71487
286.048	0.0	T5	5	71512
286.148	0.0	T6	6	71537
286.248	0.0	T7	7	71562
286.348	0.0	T8	8	71587
286.448	0.0	T9	9	71612
286.548	0.0	T10	10	71637
286.648	0.0	T1	1	71662
286.748	0.0	T2	2	71687
286.848	0.0	T3	3	71712
286.948	0.0	T4	4	71737
287.048	0.0	T5	5	71762
287.148	0.0	T6	6	71787
304.316	0.0	T1	1	76079
304.416	0.0	T2	2	76104
304.52	0.0	T3	3	76130
304.616	0.0	T4	4	76154
304.716	0.0	T5	5	76179
304.816	0.0	T6	6	76204
304.916	0.0	T7	7	76229
305.016	0.0	T8	8	76254
305.116	0.0	T9	9	76279
305.216	0.0	T10	10	76304
305.316	0.0	T1	1	76329
305.416	0.0	T2	2	76354
305.516	0.0	T3	3	76379
305.616	0.0	T4	4	76404
305.716	0.0	T5	5	76429
305.82	0.0	T6	6	76455
305.916	0.0	T7	7	76479
306.016	0.0	T8	8	76504
306.116	0.0	T9	9	76529
306.216	0.0	T10	10	76554
306.316	0.0	T1	1	76579
306.416	0.0	T2	2	76604
306.516	0.0	T3	3	76629
306.62	0.0	T4	4	76655
306.716	0.0	T5	5	76679
306.816	0.0	T6	6	76704
306.92	0.0	T7	7	76730
307.016	0.0	T8	8	76754
307.12	0.0	T9	9	76780
307.216	0.0	T10	10	76804
307.32	0.0	T1	1	76830
307.42	0.0	T2	2	76855
307.516	0.0	T3	3	76879
307.62	0.0	T4	4	76905
307.72	0.0	T5	5	76930
307.82	0.0	T6	6	76955
307.92	0.0	T7	7	76980
308.02	0.0	T8	8	77005
308.116	0.0	T9	9	77029
308.216	0.0	T10	10	77054
308.32	0.0	T1	1	77080
308.42	0.0	T2	2	77105
308.52	0.0	T3	3	77130
308.62	0.0	T4	4	77155
308.72	0.0	T5	5	77180
308.82	0.0	T6	6	77205
308.92	0.0	T7	7	77230
309.02	0.0	T8	8	77255
309.12	0.0	T9	9	77280
309.22	0.0	T10	10	77305
309.32	0.0	T1	1	77330
309.42	0.0	T2	2	77355
309.52	0.0	T3	3	77380
309.62	0.0	T4	4	77405
309.72	0.0	T5	5	77430
309.82	0.0	T6	6	77455
309.92	0.0	T7	7	77480
310.02	0.0	T8	8	77505
310.12	0.0	T9	9	77530
310.22	0.0	T10	10	77555
310.32	0.0	T1	1	77580
310.42	0.0	T2	2	77605
310.52	0.0	T3	3	77630
310.62	0.0	T4	4	77655
310.72	0.0	T5	5	77680
310.82	0.0	T6	6	77705
310.92	0.0	T7	7	77730
311.02	0.0	T8	8	77755
311.12	0.0	T9	9	77780
311.22	0.0	T10	10	77805
311.32	0.0	T1	1	77830
311.42	0.0	T2	2	77855
311.52	0.0	T3	3	77880
311.62	0.0	T4	4	77905
311.72	0.0	T5	5	77930
311.82	0.0	T6	6	77955
311.92	0.0	T7	7	77980
312.02	0.0	T8	8	78005
312.12	0.0	T9	9	78030
312.22	0.0	T10	10	78055
312.32	0.0	T1	1	78080
312.42	0.0	T2	2	78105
312.52	0.0	T3	3	78130
312.62	0.0	T4	4	78155
312.72	0.0	T5	5	78180
312.82	0.0	T6	6	78205
312.92	0.0	T7	7	78230
313.02	0.0	T8	8	78255
313.12	0.0	T9	9	78280
313.22	0.0	T10	10	78305
313.32	0.0	T1	1	78330
313.42	0.0	T2	2	78355
313.52	0.0	T3	3	78380
313.62	0.0	T4	4	78405
313.72	0.0	T5	5	78430
313.82	0.0	T6	6	78455
313.92	0.0	T7	7	78480
314.02	0.0	T8	8	78505
314.12	0.0	T9	9	78530
314.22	0.0	T10	10	78555
314.32	0.0	T1	1	78580
314.42	0.0	T2	2	78605
314.52	0.0	T3	3	78630
314.62	0.0	T4	4	78655
314.72	0.0	T5	5	78680
314.82	0.0	T6	6	78705
314.92	0.0	T7	7	78730
315.02	0.0	T8	8	78755
315.12	0.0	T9	9	78780
315.22	0.0	T10	10	78805
315.32	0.0	T1	1	78830
315.42	0.0	T2	2	78855
315.52	0.0	T3	3	78880
315.62	0.0	T4	4	78905
315.72	0.0	T5	5	78930
315.82	0.0	T6	6	78955
315.92	0.0	T7	7	78980
316.02	0.0	T8	8	79005
316.12	0.0	T9	9	79030
316.22	0.0	T10	10	79055
316.32	0.0	T1	1	79080
316.42	0.0	T2	2	79105
316.52	0.0	T3	3	79130
316.62	0.0	T4	4	79155
316.72	0.0	T5	5	79180
316.82	0.0	T6	6	79205
316.92	0.0	T7	7	79230
317.02	0.0	T8	8	79255
317.12	0.0	T9	9	79280
317.22	0.0	T10	10	79305
317.32	0.0	T1	1	79330
317.42	0.0	T2	2	79355
317.52	0.0	T3	3	79380
317.62	0.0	T4	4	79405
317.72	0.0	T5	5	79430
317.82	0.0	T6	6	79455
317.92	0.0	T7	7	79480
318.02	0.0	T8	8	79505
318.12	0.0	T9	9	79530
318.22	0.0	T10	10	79555
318.32	0.0	T1	1	79580
318.42	0.0	T2	2	79605
318.52	0.0	T3	3	79630
318.62	0.0	T4	4	79655
318.72	0.0	T5	5	79680
318.82	0.0	T6	6	79705
318.92	0.0	T7	7	79730
319.02	0.0	T8	8	79755
319.12	0.0	T9	9	79780
319.22	0.0	T10	10	79805
319.32	0.0	T1	1	79830
319.42	0.0	T2	2	79855
319.52	0.0	T3	3	79880
319.62	0.0	T4	4	79905
319.72	0.0	T5	5	79930
319.82	0.0	T6	6	79955
319.92	0.0	T7	7	79980
320.02	0.0	T8	8	80005
320.12	0.0	T9	9	80030
320.22	0.0	T10	10	80055
320.32	0.0	T1	1	80080
320.42	0.0	T2	2	80105
320.52	0.0	T3	3	80130
320.62	0.0	T4	4	80155
320.72	0.0	T5	5	80180
320.82	0.0	T6	6	80205
320.92	0.0	T7	7	80230
321.02	0.0	T8	8	80255
321.12	0.0	T9	9	80280
321.22	0.0	T10	10	80305
321.32	0.0	T1	1	80330
321.42	0.0	T2	2	80355
321.52	0.0	T3	3	80380
321.62	0.0	T4	4	80405
321.72	0.0	T5	5	80430
321.82	0.0	T6	6	80455
321.92	0.0	T7	7	80480
322.02	0.0	T8	8	80505
322.12	0.0	T9	9	80530
322.22	0.0	T10	10	80555
322.32	0.0	T1	1	80580
322.42	0.0	T2	2	80605
322.52	0.0	T3	3	80630
322.62	0.0	T4	4	80655
322.72	0.0	T5	5	80680
322.82	0.0	T6	6	80705
322.92	0.0	T7	7	80730
323.02	0.0	T8	8	80755
323.12	0.0	T9	9	80780
323.22	0.0	T10	10	80805
323.32	0.0	T1	1	80830
323.42	0.0	T2	2	80855
323.52	0.0	T3	3	80880
323.62	0.0	T4	4	80905
323.72	0.0	T5	5	80930
323.82	0.0	T6	6	80955
323.92	0.0	T7	7	80980
324.02	0.0	T8	8	81005
324.12	0.0	T9	9	81030
324.22	0.0	T10	10	81055
324.32	0.0	T1	1	81080
324.42	0.0	T2	2	81105
324.52	0.0	T3	3	81130
324.62	0.0	T4	4	81155
324.72	0.0	T5	5	81180
324.824	0.0	T6	6	81206
324.92	0.0	T7	7	81230
325.02	0.0	T8	8	81255
325.12	0.0	T9	9	81280
325.224	0.0	T10	10	81306
325.32	0.0	T1	1	81330
325.42	0.0	T2	2	81355
325.52	0.0	T3	3	81380
325.62	0.0	T4	4	81405
325.72	0.0	T5	5	81430
325.82	0.0	T6	6	81455
325.92	0.0	T7	7	81480
326.02	0.0	T8	8	81505
326.12	0.0	T9	9	81530
326.22	0.0	T10	10	81555
326.32	0.0	T1	1	81580
326.42	0.0	T2	2	81605
326.52	0.0	T3	3	81630
326.62	0.0	T4	4	81655
326.72	0.0	T5	5	81680
326.82	0.0	T6	6	81705
326.92	0.0	T7	7	81730
327.02	0.0	T8	8	81755
327.12	0.0	T9	9	81780
327.22	0.0	T10	10	81805
327.32	0.0	T1	1	81830
327.42	0.0	T2	2	81855
327.52	0.0	T3	3	81880
327.62	0.0	T4	4	81905
327.72	0.0	T5	5	81930
327.82	0.0	T6	6	81955
327.92	0.0	T7	7	81980
328.02	0.0	T8	8	82005
328.12	0.0	T9	9	82030
328.22	0.0	T10	10	82055
328.32	0.0	T1	1	82080
328.42	0.0	T2	2	82105
328.52	0.0	T3	3	82130
328.62	0.0	T4	4	82155
328.72	0.0	T5	5	82180
328.82	0.0	T6	6	82205
328.92	0.0	T7	7	82230
329.02	0.0	T8	8	82255
329.12	0.0	T9	9	82280
329.22	0.0	T10	10	82305
329.32	0.0	T1	1	82330
329.42	0.0	T2	2	82355
329.52	0.0	T3	3	82380
329.62	0.0	T4	4	82405
329.72	0.0	T5	5	82430
329.82	0.0	T6	6	82455
329.92	0.0	T7	7	82480
330.02	0.0	T8	8	82505
330.12	0.0	T9	9	82530
330.22	0.0	T10	10	82555
330.32	0.0	T1	1	82580
330.42	0.0	T2	2	82605
330.52	0.0	T3	3	82630
330.624	0.0	T4	4	82656
330.72	0.0	T5	5	82680
330.82	0.0	T6	6	82705
330.924	0.0	T7	7	82731
331.02	0.0	T8	8	82755
331.12	0.0	T9	9	82780
331.22	0.0	T10	10	82805
331.32	0.0	T1	1	82830
331.424	0.0	T2	2	82856
331.52	0.0	T3	3	82880
331.62	0.0	T4	4	82905
331.72	0.0	T5	5	82930
331.82	0.0	T6	6	82955
331.92	0.0	T7	7	82980
332.02	0.0	T8	8	83005
332.12	0.0	T9	9	83030
332.22	0.0	T10	10	83055
332.32	0.0	T1	1	83080
332.42	0.0	T2	2	83105
332.52	0.0	T3	3	83130
332.62	0.0	T4	4	83155
332.72	0.0	T5	5	83180
332.82	0.0	T6	6	83205
332.92	0.0	T7	7	83230
333.02	0.0	T8	8	83255
333.124	0.0	T9	9	83281
333.22	0.0	T10	10	83305
333.32	0.0	T1	1	83330
333.42	0.0	T2	2	83355
333.52	0.0	T3	3	83380
333.62	0.0	T4	4	83405
333.72	0.0	T5	5	83430
333.82	0.0	T6	6	83455
333.92	0.0	T7	7	83480
334.024	0.0	T8	8	83506
334.12	0.0	T9	9	83530
334.224	0.0	T10	10	83556
334.32	0.0	T1	1	83580
334.42	0.0	T2	2	83605
334.52	0.0	T3	3	83630
334.62	0.0	T4	4	83655
334.72	0.0	T5	5	83680
334.824	0.0	T6	6	83706
334.92	0.0	T7	7	83730
335.024	0.0	T8	8	83756
335.124	0.0	T9	9	83781
335.224	0.0	T10	10	83806
335.324	0.0	T1	1	83831
335.424	0.0	T2	2	83856
335.524	0.0	T3	3	83881
335.624	0.0	T4	4	83906
335.724	0.0	T5	5	83931
335.824	0.0	T6	6	83956
335.924	0.0	T7	7	83981
336.024	0.0	T8	8	84006
336.124	0.0	T9	9	84031
336.224	0.0	T10	10	84056
336.324	0.0	T1	1	84081
336.424	0.0	T2	2	84106
336.524	0.0	T3	3	84131
336.624	0.0	T4	4	84156
336.724	0.0	T5	5	84181
336.824	0.0	T6	6	84206
336.924	0.0	T7	7	84231
337.024	0.0	T8	8	84256
337.124	0.0	T9	9	84281
337.224	0.0	T10	10	84306
337.324	0.0	T1	1	84331
337.424	0.0	T2	2	84356
337.524	0.0	T3	3	84381
337.624	0.0	T4	4	84406
337.724	0.0	T5	5	84431
337.824	0.0	T6	6	84456
337.924	0.0	T7	7	84481
338.024	0.0	T8	8	84506
338.124	0.0	T9	9	84531
338.224	0.0	T10	10	84556
338.324	0.0	T1	1	84581
338.424	0.0	T2	2	84606
338.524	0.0	T3	3	84631
338.624	0.0	T4	4	84656
338.724	0.0	T5	5	84681
338.824	0.0	T6	6	84706
338.924	0.0	T7	7	84731
339.024	0.0	T8	8	84756
339.124	0.0	T9	9	84781
339.224	0.0	T10	10	84806
339.324	0.0	T1	1	84831
339.424	0.0	T2	2	84856
339.524	0.0	T3	3	84881
339.624	0.0	T4	4	84906
339.724	0.0	T5	5	84931
339.824	0.0	T6	6	84956
339.924	0.0	T7	7	84981
340.024	0.0	T8	8	85006
340.124	0.0	T9	9	85031
340.224	0.0	T10	10	85056
340.324	0.0	T1	1	85081
340.424	0.0	T2	2	85106
340.524	0.0	T3	3	85131
340.624	0.0	T4	4	85156
340.724	0.0	T5	5	85181
340.824	0.0	T6	6	85206
340.924	0.0	T7	7	85231
341.024	0.0	T8	8	85256
341.124	0.0	T9	9	85281
341.224	0.0	T10	10	85306
341.324	0.0	T1	1	85331
341.424	0.0	T2	2	85356
341.524	0.0	T3	3	85381
341.624	0.0	T4	4	85406
341.724	0.0	T5	5	85431
341.824	0.0	T6	6	85456
341.924	0.0	T7	7	85481
342.024	0.0	T8	8	85506
342.124	0.0	T9	9	85531
342.224	0.0	T10	10	85556
342.324	0.0	T1	1	85581
342.424	0.0	T2	2	85606
342.524	0.0	T3	3	85631
342.624	0.0	T4	4	85656
342.724	0.0	T5	5	85681
342.824	0.0	T6	6	85706
342.928	0.0	T7	7	85732
343.024	0.0	T8	8	85756
343.124	0.0	T9	9	85781
343.224	0.0	T10	10	85806
343.324	0.0	T1	1	85831
343.424	0.0	T2	2	85856
343.524	0.0	T3	3	85881
343.624	0.0	T4	4	85906
343.724	0.0	T5	5	85931
343.824	0.0	T6	6	85956
343.924	0.0	T7	7	85981
344.024	0.0	T8	8	86006
344.124	0.0	T9	9	86031
344.224	0.0	T10	10	86056
344.324	0.0	T1	1	86081
344.424	0.0	T2	2	86106
344.524	0.0	T3	3	86131
344.624	0.0	T4	4	86156
344.724	0.0	T5	5	86181
344.828	0.0	T6	6	86207
344.924	0.0	T7	7	86231
345.024	0.0	T8	8	86256
345.124	0.0	T9	9	86281
345.224	0.0	T10	10	86306
345.324	0.0	T1	1	86331
345.424	0.0	T2	2	86356
345.524	0.0	T3	3	86381
345.624	0.0	T4	4	86406
345.724	0.0	T5	5	86431
345.824	0.0	T6	6	86456
345.924	0.0	T7	7	86481
346.024	0.0	T8	8	86506
346.124	0.0	T9	9	86531
346.224	0.0	T10	10	86556
346.324	0.0	T1	1	86581
346.424	0.0	T2	2	86606
346.524	0.0	T3	3	86631
346.624	0.0	T4	4	86656
346.724	0.0	T5	5	86681
346.824	0.0	T6	6	86706
346.924	0.0	T7	7	86731
347.024	0.0	T8	8	86756
347.124	0.0	T9	9	86781
347.224	0.0	T10	10	86806
347.324	0.0	T1	1	86831
347.424	0.0	T2	2	86856
347.524	0.0	T3	3	86881
347.624	0.0	T4	4	86906
347.724	0.0	T5	5	86931
347.824	0.0	T6	6	86956
347.924	0.0	T7	7	86981
348.024	0.0	T8	8	87006
348.124	0.0	T9	9	87031
348.224	0.0	T10	10	87056
348.324	0.0	T1	1	87081
348.424	0.0	T2	2	87106
348.528	0.0	T3	3	87132
348.624	0.0	T4	4	87156
348.724	0.0	T5	5	87181
348.824	0.0	T6	6	87206
348.924	0.0	T7	7	87231
349.024	0.0	T8	8	87256
349.124	0.0	T9	9	87281
349.224	0.0	T10	10	87306
349.324	0.0	T1	1	87331
349.424	0.0	T2	2	87356
349.524	0.0	T3	3	87381
349.624	0.0	T4	4	87406
349.724	0.0	T5	5	87431
349.824	0.0	T6	6	87456
349.924	0.0	T7	7	87481
350.024	0.0	T8	8	87506
350.124	0.0	T9	9	87531
350.224	0.0	T10	10	87556
350.324	0.0	T1	1	87581
350.424	0.0	T2	2	87606
350.524	0.0	T3	3	87631
350.624	0.0	T4	4	87656
350.724	0.0	T5	5	87681
350.828	0.0	T6	6	87707
350.924	0.0	T7	7	87731
351.024	0.0	T8	8	87756
351.124	0.0	T9	9	87781
351.224	0.0	T10	10	87806
351.324	0.0	T1	1	87831
351.424	0.0	T2	2	87856
351.524	0.0	T3	3	87881
351.624	0.0	T4	4	87906
351.724	0.0	T5	5	87931
351.824	0.0	T6	6	87956
351.924	0.0	T7	7	87981
352.024	0.0	T8	8	88006
352.124	0.0	T9	9	88031
352.224	0.0	T10	10	88056
352.324	0.0	T1	1	88081
352.424	0.0	T2	2	88106
352.524	0.0	T3	3	88131
352.628	0.0	T4	4	88157
352.724	0.0	T5	5	88181
352.824	0.0	T6	6	88206
352.924	0.0	T7	7	88231
353.024	0.0	T8	8	88256
353.128	0.0	T9	9	88282
353.224	0.0	T10	10	88306
353.324	0.0	T1	1	88331
353.424	0.0	T2	2	88356
353.524	0.0	T3	3	88381
353.624	0.0	T4	4	88406
353.724	0.0	T5	5	88431
353.824	0.0	T6	6	88456
353.924	0.0	T7	7	88481
354.024	0.0	T8	8	88506
354.124	0.0	T9	9	88531
354.224	0.0	T10	10	88556
354.324	0.0	T1	1	88581
354.424	0.0	T2	2	88606
354.524	0.0	T3	3	88631
354.624	0.0	T4	4	88656
354.724	0.0	T5	5	88681
354.824	0.0	T6	6	88706
354.924	0.0	T7	7	88731
355.024	0.0	T8	8	88756
355.124	0.0	T9	9	88781
355.224	0.0	T10	10	88806
355.324	0.0	T1	1	88831
355.428	0.0	T2	2	88857
355.524	0.0	T3	3	88881
355.624	0.0	T4	4	88906
355.724	0.0	T5	5	88931
355.824	0.0	T6	6	88956
355.924	0.0	T7	7	88981
356.024	0.0	T8	8	89006
356.124	0.0	T9	9	89031
356.224	0.0	T10	10	89056
356.324	0.0	T1	1	89081
356.424	0.0	T2	2	89106
356.524	0.0	T3	3	89131
356.624	0.0	T4	4	89156
356.724	0.0	T5	5	89181
356.828	0.0	T6	6	89207
356.924	0.0	T7	7	89231
357.024	0.0	T8	8	89256
357.124	0.0	T9	9	89281
357.224	0.0	T10	10	89306
357.324	0.0	T1	1	89331
357.424	0.0	T2	2	89356
357.524	0.0	T3	3	89381
357.624	0.0	T4	4	89406
357.724	0.0	T5	5	89431
357.824	0.0	T6	6	89456
357.924	0.0	T7	7	89481
358.024	0.0	T8	8	89506
358.124	0.0	T9	9	89531
358.224	0.0	T10	10	89556
358.324	0.0	T1	1	89581
358.424	0.0	T2	2	89606
358.524	0.0	T3	3	89631
358.624	0.0	T4	4	89656
358.724	0.0	T5	5	89681
358.824	0.0	T6	6	89706
358.924	0.0	T7	7	89731
359.024	0.0	T8	8	89756
359.124	0.0	T9	9	89781
359.224	0.0	T10	10	89806
359.324	0.0	T1	1	89831
359.424	0.0	T2	2	89856
359.524	0.0	T3	3	89881
359.624	0.0	T4	4	89906
359.724	0.0	T5	5	89931
359.824	0.0	T6	6	89956
359.924	0.0	T7	7	89981
360.024	0.0	T8	8	90006
360.124	0.0	T9	9	90031
360.224	0.0	T10	10	90056
360.328	0.0	T1	1	90082
360.424	0.0	T2	2	90106
360.528	0.0	T3	3	90132
360.628	0.0	T4	4	90157
360.724	0.0	T5	5	90181
360.824	0.0	T6	6	90206
360.928	0.0	T7	7	90232
361.024	0.0	T8	8	90256
361.124	0.0	T9	9	90281
361.224	0.0	T10	10	90306
361.324	0.0	T1	1	90331
361.424	0.0	T2	2	90356
361.524	0.0	T3	3	90381
361.628	0.0	T4	4	90407
361.728	0.0	T5	5	90432
361.828	0.0	T6	6	90457
361.928	0.0	T7	7	90482
362.028	0.0	T8	8	90507
362.128	0.0	T9	9	90532
362.228	0.0	T10	10	90557
362.328	0.0	T1	1	90582
362.428	0.0	T2	2	90607
362.528	0.0	T3	3	90632
362.628	0.0	T4	4	90657
362.728	0.0	T5	5	90682
362.828	0.0	T6	6	90707
362.928	0.0	T7	7	90732
363.028	0.0	T8	8	90757
363.128	0.0	T9	9	90782
363.228	0.0	T10	10	90807
363.328	0.0	T1	1	90832
363.428	0.0	T2	2	90857
363.528	0.0	T3	3	90882
363.628	0.0	T4	4	90907
363.728	0.0	T5	5	90932
363.828	0.0	T6	6	90957
363.928	0.0	T7	7	90982
364.028	0.0	T8	8	91007
364.128	0.0	T9	9	91032
364.228	0.0	T10	10	91057
364.328	0.0	T1	1	91082
364.428	0.0	T2	2	91107
364.528	0.0	T3	3	91132
364.628	0.0	T4	4	91157
364.728	0.0	T5	5	91182
364.828	0.0	T6	6	91207
364.928	0.0	T7	7	91232
365.028	0.0	T8	8	91257
365.128	0.0	T9	9	91282
365.228	0.0	T10	10	91307
365.328	0.0	T1	1	91332
365.428	0.0	T2	2	91357
365.528	0.0	T3	3	91382
365.628	0.0	T4	4	91407
365.728	0.0	T5	5	91432
365.828	0.0	T6	6	91457
365.928	0.0	T7	7	91482
366.028	0.0	T8	8	91507
366.128	0.0	T9	9	91532
366.228	0.0	T10	10	91557
366.328	0.0	T1	1	91582
366.428	0.0	T2	2	91607
366.528	0.0	T3	3	91632
366.628	0.0	T4	4	91657
366.728	0.0	T5	5	91682
366.828	0.0	T6	6	91707
366.928	0.0	T7	7	91732
367.028	0.0	T8	8	91757
367.128	0.0	T9	9	91782
367.228	0.0	T10	10	91807
367.328	0.0	T1	1	91832
367.428	0.0	T2	2	91857
367.528	0.0	T3	3	91882
367.628	0.0	T4	4	91907
367.728	0.0	T5	5	91932
367.828	0.0	T6	6	91957
367.928	0.0	T7	7	91982
368.028	0.0	T8	8	92007
368.128	0.0	T9	9	92032
368.228	0.0	T10	10	92057
368.328	0.0	T1	1	92082
368.428	0.0	T2	2	92107
368.528	0.0	T3	3	92132
368.632	0.0	T4	4	92158
368.728	0.0	T5	5	92182
368.828	0.0	T6	6	92207
368.928	0.0	T7	7	92232
369.028	0.0	T8	8	92257
369.128	0.0	T9	9	92282
369.228	0.0	T10	10	92307
369.328	0.0	T1	1	92332
369.428	0.0	T2	2	92357
369.528	0.0	T3	3	92382
369.628	0.0	T4	4	92407
369.728	0.0	T5	5	92432
369.828	0.0	T6	6	92457
369.928	0.0	T7	7	92482
370.028	0.0	T8	8	92507
370.128	0.0	T9	9	92532
370.228	0.0	T10	10	92557
370.328	0.0	T1	1	92582
370.428	0.0	T2	2	92607
370.528	0.0	T3	3	92632
370.628	0.0	T4	4	92657
370.728	0.0	T5	5	92682
370.828	0.0	T6	6	92707
370.928	0.0	T7	7	92732
371.028	0.0	T8	8	92757
371.128	0.0	T9	9	92782
371.228	0.0	T10	10	92807
371.328	0.0	T1	1	92832
371.428	0.0	T2	2	92857
371.528	0.0	T3	3	92882
371.628	0.0	T4	4	92907
371.728	0.0	T5	5	92932
371.828	0.0	T6	6	92957
371.928	0.0	T7	7	92982
372.028	0.0	T8	8	93007
372.128	0.0	T9	9	93032
372.228	0.0	T10	10	93057
372.328	0.0	T1	1	93082
372.428	0.0	T2	2	93107
372.528	0.0	T3	3	93132
372.628	0.0	T4	4	93157
372.728	0.0	T5	5	93182
372.828	0.0	T6	6	93207
372.928	0.0	T7	7	93232
373.028	0.0	T8	8	93257
373.128	0.0	T9	9	93282
373.228	0.0	T10	10	93307
373.328	0.0	T1	1	93332
373.428	0.0	T2	2	93357
373.528	0.0	T3	3	93382
373.628	0.0	T4	4	93407
373.728	0.0	T5	5	93432
373.828	0.0	T6	6	93457
373.928	0.0	T7	7	93482
374.028	0.0	T8	8	93507
374.128	0.0	T9	9	93532
374.228	0.0	T10	10	93557
374.328	0.0	T1	1	93582
374.428	0.0	T2	2	93607
374.528	0.0	T3	3	93632
374.628	0.0	T4	4	93657
374.728	0.0	T5	5	93682
374.828	0.0	T6	6	93707
374.928	0.0	T7	7	93732
375.028	0.0	T8	8	93757
375.128	0.0	T9	9	93782
375.228	0.0	T10	10	93807
375.328	0.0	T1	1	93832
375.428	0.0	T2	2	93857
375.528	0.0	T3	3	93882
375.628	0.0	T4	4	93907
375.728	0.0	T5	5	93932
375.828	0.0	T6	6	93957
375.928	0.0	T7	7	93982
376.028	0.0	T8	8	94007
376.128	0.0	T9	9	94032
376.228	0.0	T10	10	94057
376.328	0.0	T1	1	94082
376.428	0.0	T2	2	94107
376.528	0.0	T3	3	94132
376.628	0.0	T4	4	94157
376.728	0.0	T5	5	94182
376.828	0.0	T6	6	94207
376.928	0.0	T7	7	94232
377.028	0.0	T8	8	94257
377.128	0.0	T9	9	94282
377.228	0.0	T10	10	94307
377.328	0.0	T1	1	94332
377.428	0.0	T2	2	94357
377.528	0.0	T3	3	94382
377.628	0.0	T4	4	94407
377.728	0.0	T5	5	94432
377.828	0.0	T6	6	94457
377.928	0.0	T7	7	94482
378.028	0.0	T8	8	94507
378.128	0.0	T9	9	94532
378.228	0.0	T10	10	94557
378.328	0.0	T1	1	94582
378.428	0.0	T2	2	94607
378.528	0.0	T3	3	94632
378.628	0.0	T4	4	94657
378.728	0.0	T5	5	94682
378.828	0.0	T6	6	94707
378.928	0.0	T7	7	94732
379.028	0.0	T8	8	94757
379.128	0.0	T9	9	94782
379.228	0.0	T10	10	94807
379.328	0.0	T1	1	94832
379.428	0.0	T2	2	94857
379.528	0.0	T3	3	94882
379.628	0.0	T4	4	94907
379.728	0.0	T5	5	94932
379.828	0.0	T6	6	94957
379.928	0.0	T7	7	94982
380.028	0.0	T8	8	95007
380.128	0.0	T9	9	95032
380.228	0.0	T10	10	95057
380.328	0.0	T1	1	95082
380.428	0.0	T2	2	95107
380.528	0.0	T3	3	95132
380.628	0.0	T4	4	95157
380.728	0.0	T5	5	95182
380.828	0.0	T6	6	95207
380.928	0.0	T7	7	95232
381.028	0.0	T8	8	95257
381.132	0.0	T9	9	95283
381.228	0.0	T10	10	95307
381.328	0.0	T1	1	95332
381.428	0.0	T2	2	95357
381.528	0.0	T3	3	95382
381.628	0.0	T4	4	95407
381.728	0.0	T5	5	95432
381.828	0.0	T6	6	95457
381.928	0.0	T7	7	95482
382.028	0.0	T8	8	95507
382.128	0.0	T9	9	95532
382.228	0.0	T10	10	95557
382.328	0.0	T1	1	95582
382.428	0.0	T2	2	95607
382.528	0.0	T3	3	95632
382.628	0.0	T4	4	95657
382.728	0.0	T5	5	95682
382.828	0.0	T6	6	95707
382.928	0.0	T7	7	95732
383.028	0.0	T8	8	95757
383.128	0.0	T9	9	95782
383.228	0.0	T10	10	95807
383.328	0.0	T1	1	95832
383.428	0.0	T2	2	95857
383.528	0.0	T3	3	95882
383.632	0.0	T4	4	95908
383.728	0.0	T5	5	95932
383.828	0.0	T6	6	95957
383.928	0.0	T7	7	95982
384.028	0.0	T8	8	96007
384.128	0.0	T9	9	96032
384.228	0.0	T10	10	96057
384.328	0.0	T1	1	96082
384.428	0.0	T2	2	96107
384.528	0.0	T3	3	96132
384.628	0.0	T4	4	96157
384.732	0.0	T5	5	96183
384.828	0.0	T6	6	96207
384.928	0.0	T7	7	96232
385.028	0.0	T8	8	96257
385.128	0.0	T9	9	96282
385.228	0.0	T10	10	96307
385.328	0.0	T1	1	96332
385.432	0.0	T2	2	96358
385.532	0.0	T3	3	96383
385.632	0.0	T4	4	96408
385.728	0.0	T5	5	96432
385.832	0.0	T6	6	96458
385.932	0.0	T7	7	96483
386.028	0.0	T8	8	96507
386.132	0.0	T9	9	96533
386.232	0.0	T10	10	96558
386.328	0.0	T1	1	96582
386.432	0.0	T2	2	96608
386.532	0.0	T3	3	96633
386.632	0.0	T4	4	96658
386.732	0.0	T5	5	96683
386.832	0.0	T6	6	96708
386.932	0.0	T7	7	96733
387.032	0.0	T8	8	96758
387.132	0.0	T9	9	96783
387.232	0.0	T10	10	96808
387.332	0.0	T1	1	96833
387.432	0.0	T2	2	96858
387.532	0.0	T3	3	96883
387.632	0.0	T4	4	96908
387.732	0.0	T5	5	96933
387.832	0.0	T6	6	96958
387.932	0.0	T7	7	96983
388.032	0.0	T8	8	97008
388.132	0.0	T9	9	97033
388.232	0.0	T10	10	97058
388.332	0.0	T1	1	97083
388.432	0.0	T2	2	97108
388.532	0.0	T3	3	97133
388.632	0.0	T4	4	97158
388.732	0.0	T5	5	97183
388.832	0.0	T6	6	97208
388.932	0.0	T7	7	97233
389.032	0.0	T8	8	97258
389.132	0.0	T9	9	97283
389.232	0.0	T10	10	97308
389.332	0.0	T1	1	97333
389.432	0.0	T2	2	97358
389.532	0.0	T3	3	97383
389.632	0.0	T4	4	97408
389.732	0.0	T5	5	97433
389.832	0.0	T6	6	97458
389.932	0.0	T7	7	97483
390.032	0.0	T8	8	97508
390.132	0.0	T9	9	97533
390.232	0.0	T10	10	97558
390.332	0.0	T1	1	97583
390.432	0.0	T2	2	97608
390.532	0.0	T3	3	97633
390.632	0.0	T4	4	97658
390.732	0.0	T5	5	97683
390.832	0.0	T6	6	97708
390.932	0.0	T7	7	97733
391.032	0.0	T8	8	97758
391.132	0.0	T9	9	97783
391.232	0.0	T10	10	97808
391.332	0.0	T1	1	97833
391.432	0.0	T2	2	97858
391.532	0.0	T3	3	97883
391.632	0.0	T4	4	97908
391.732	0.0	T5	5	97933
391.832	0.0	T6	6	97958
391.932	0.0	T7	7	97983
392.032	0.0	T8	8	98008
392.132	0.0	T9	9	98033
392.232	0.0	T10	10	98058
392.332	0.0	T1	1	98083
392.432	0.0	T2	2	98108
392.532	0.0	T3	3	98133
392.632	0.0	T4	4	98158
392.732	0.0	T5	5	98183
392.832	0.0	T6	6	98208
392.932	0.0	T7	7	98233
393.032	0.0	T8	8	98258
393.132	0.0	T9	9	98283
393.232	0.0	T10	10	98308
393.332	0.0	T1	1	98333
393.432	0.0	T2	2	98358
393.532	0.0	T3	3	98383
393.632	0.0	T4	4	98408
393.732	0.0	T5	5	98433
393.832	0.0	T6	6	98458
393.932	0.0	T7	7	98483
394.032	0.0	T8	8	98508
394.132	0.0	T9	9	98533
394.232	0.0	T10	10	98558
394.332	0.0	T1	1	98583
394.432	0.0	T2	2	98608
394.532	0.0	T3	3	98633
394.632	0.0	T4	4	98658
394.732	0.0	T5	5	98683
394.832	0.0	T6	6	98708
394.932	0.0	T7	7	98733
395.032	0.0	T8	8	98758
395.132	0.0	T9	9	98783
395.232	0.0	T10	10	98808
395.332	0.0	T1	1	98833
395.432	0.0	T2	2	98858
395.532	0.0	T3	3	98883
395.632	0.0	T4	4	98908
395.732	0.0	T5	5	98933
395.832	0.0	T6	6	98958
395.932	0.0	T7	7	98983
396.032	0.0	T8	8	99008
396.132	0.0	T9	9	99033
396.232	0.0	T10	10	99058
396.332	0.0	T1	1	99083
396.432	0.0	T2	2	99108
396.532	0.0	T3	3	99133
396.632	0.0	T4	4	99158
396.732	0.0	T5	5	99183
411.916	0.0	T1	1	102979
412.016	0.0	T2	2	103004
412.116	0.0	T3	3	103029
412.216	0.0	T4	4	103054
412.316	0.0	T5	5	103079
412.416	0.0	T6	6	103104
412.516	0.0	T7	7	103129
412.616	0.0	T8	8	103154
412.716	0.0	T9	9	103179
412.816	0.0	T10	10	103204
412.916	0.0	T1	1	103229
413.016	0.0	T2	2	103254
413.116	0.0	T3	3	103279
413.216	0.0	T4	4	103304
413.316	0.0	T5	5	103329
413.416	0.0	T6	6	103354
413.516	0.0	T7	7	103379
413.616	0.0	T8	8	103404
413.716	0.0	T9	9	103429
413.816	0.0	T10	10	103454
413.916	0.0	T1	1	103479
414.016	0.0	T2	2	103504
414.116	0.0	T3	3	103529
414.216	0.0	T4	4	103554
414.316	0.0	T5	5	103579
414.416	0.0	T6	6	103604
414.516	0.0	T7	7	103629
414.616	0.0	T8	8	103654
414.716	0.0	T9	9	103679
414.816	0.0	T10	10	103704
414.916	0.0	T1	1	103729
415.016	0.0	T2	2	103754
415.116	0.0	T3	3	103779
415.216	0.0	T4	4	103804
415.316	0.0	T5	5	103829
415.42	0.0	T6	6	103855
415.516	0.0	T7	7	103879
415.616	0.0	T8	8	103904
415.716	0.0	T9	9	103929
415.816	0.0	T10	10	103954
415.916	0.0	T1	1	103979
416.016	0.0	T2	2	104004
416.116	0.0	T3	3	104029
416.216	0.0	T4	4	104054
416.316	0.0	T5	5	104079
416.416	0.0	T6	6	104104
416.516	0.0	T7	7	104129
416.616	0.0	T8	8	104154
416.716	0.0	T9	9	104179
416.816	0.0	T10	10	104204
416.916	0.0	T1	1	104229
417.016	0.0	T2	2	104254
417.116	0.0	T3	3	104279
417.216	0.0	T4	4	104304
417.316	0.0	T5	5	104329
417.42	0.0	T6	6	104355
417.516	0.0	T7	7	104379
417.616	0.0	T8	8	104404
417.716	0.0	T9	9	104429
417.816	0.0	T10	10	104454
417.92	0.0	T1	1	104480
418.02	0.0	T2	2	104505
418.116	0.0	T3	3	104529
418.22	0.0	T4	4	104555
418.316	0.0	T5	5	104579
418.416	0.0	T6	6	104604
418.52	0.0	T7	7	104630
418.616	0.0	T8	8	104654
418.716	0.0	T9	9	104679
418.82	0.0	T10	10	104705
418.916	0.0	T1	1	104729
419.016	0.0	T2	2	104754
419.116	0.0	T3	3	104779
419.216	0.0	T4	4	104804
419.32	0.0	T5	5	104830
419.42	0.0	T6	6	104855
419.516	0.0	T7	7	104879
419.62	0.0	T8	8	104905
419.72	0.0	T9	9	104930
419.82	0.0	T10	10	104955
419.92	0.0	T1	1	104980
420.02	0.0	T2	2	105005
420.12	0.0	T3	3	105030
420.22	0.0	T4	4	105055
420.32	0.0	T5	5	105080
420.42	0.0	T6	6	105105
420.52	0.0	T7	7	105130
420.62	0.0	T8	8	105155
420.72	0.0	T9	9	105180
420.82	0.0	T10	10	105205
420.92	0.0	T1	1	105230
421.02	0.0	T2	2	105255
421.12	0.0	T3	3	105280
421.22	0.0	T4	4	105305
421.32	0.0	T5	5	105330
421.42	0.0	T6	6	105355
421.52	0.0	T7	7	105380
421.62	0.0	T8	8	105405
421.72	0.0	T9	9	105430
421.82	0.0	T10	10	105455
421.92	0.0	T1	1	105480
422.02	0.0	T2	2	105505
422.12	0.0	T3	3	105530
422.22	0.0	T4	4	105555
422.32	0.0	T5	5	105580
422.42	0.0	T6	6	105605
422.52	0.0	T7	7	105630
422.62	0.0	T8	8	105655
422.72	0.0	T9	9	105680
422.82	0.0	T10	10	105705
422.92	0.0	T1	1	105730
423.02	0.0	T2	2	105755
423.12	0.0	T3	3	105780
423.22	0.0	T4	4	105805
423.32	0.0	T5	5	105830
423.42	0.0	T6	6	105855
423.52	0.0	T7	7	105880
423.62	0.0	T8	8	105905
423.72	0.0	T9	9	105930
423.82	0.0	T10	10	105955
423.92	0.0	T1	1	105980
424.02	0.0	T2	2	106005
424.12	0.0	T3	3	106030
424.22	0.0	T4	4	106055
424.32	0.0	T5	5	106080
424.42	0.0	T6	6	106105
424.52	0.0	T7	7	106130
424.62	0.0	T8	8	106155
424.72	0.0	T9	9	106180
424.82	0.0	T10	10	106205
424.92	0.0	T1	1	106230
425.02	0.0	T2	2	106255
425.12	0.0	T3	3	106280
425.22	0.0	T4	4	106305
425.32	0.0	T5	5	106330
425.42	0.0	T6	6	106355
425.52	0.0	T7	7	106380
425.62	0.0	T8	8	106405
425.72	0.0	T9	9	106430
425.82	0.0	T10	10	106455
425.92	0.0	T1	1	106480
426.02	0.0	T2	2	106505
426.12	0.0	T3	3	106530
426.22	0.0	T4	4	106555
426.32	0.0	T5	5	106580
426.42	0.0	T6	6	106605
426.52	0.0	T7	7	106630
426.62	0.0	T8	8	106655
426.72	0.0	T9	9	106680
426.82	0.0	T10	10	106705
426.92	0.0	T1	1	106730
427.02	0.0	T2	2	106755
427.12	0.0	T3	3	106780
427.22	0.0	T4	4	106805
427.32	0.0	T5	5	106830
427.42	0.0	T6	6	106855
427.52	0.0	T7	7	106880
427.62	0.0	T8	8	106905
427.72	0.0	T9	9	106930
427.82	0.0	T10	10	106955
427.92	0.0	T1	1	106980
428.02	0.0	T2	2	107005
428.12	0.0	T3	3	107030
428.22	0.0	T4	4	107055
428.32	0.0	T5	5	107080
428.42	0.0	T6	6	107105
428.52	0.0	T7	7	107130
428.62	0.0	T8	8	107155
428.72	0.0	T9	9	107180
428.82	0.0	T10	10	107205
428.92	0.0	T1	1	107230
429.02	0.0	T2	2	107255
429.12	0.0	T3	3	107280
429.22	0.0	T4	4	107305
429.32	0.0	T5	5	107330
429.42	0.0	T6	6	107355
429.52	0.0	T7	7	107380
429.62	0.0	T8	8	107405
429.72	0.0	T9	9	107430
429.82	0.0	T10	10	107455
429.92	0.0	T1	1	107480
430.02	0.0	T2	2	107505
430.12	0.0	T3	3	107530
430.22	0.0	T4	4	107555
430.32	0.0	T5	5	107580
430.42	0.0	T6	6	107605
430.52	0.0	T7	7	107630
430.62	0.0	T8	8	107655
430.72	0.0	T9	9	107680
430.82	0.0	T10	10	107705
430.92	0.0	T1	1	107730
431.02	0.0	T2	2	107755
431.12	0.0	T3	3	107780
431.22	0.0	T4	4	107805
431.32	0.0	T5	5	107830
431.42	0.0	T6	6	107855
431.52	0.0	T7	7	107880
431.62	0.0	T8	8	107905
431.72	0.0	T9	9	107930
431.82	0.0	T10	10	107955
431.92	0.0	T1	1	107980
432.02	0.0	T2	2	108005
432.12	0.0	T3	3	108030
432.22	0.0	T4	4	108055
432.32	0.0	T5	5	108080
432.42	0.0	T6	6	108105
432.52	0.0	T7	7	108130
432.62	0.0	T8	8	108155
432.72	0.0	T9	9	108180
432.82	0.0	T10	10	108205
432.92	0.0	T1	1	108230
433.02	0.0	T2	2	108255
433.12	0.0	T3	3	108280
433.22	0.0	T4	4	108305
433.32	0.0	T5	5	108330
433.42	0.0	T6	6	108355
433.52	0.0	T7	7	108380
433.62	0.0	T8	8	108405
433.72	0.0	T9	9	108430
433.82	0.0	T10	10	108455
433.92	0.0	T1	1	108480
434.02	0.0	T2	2	108505
434.12	0.0	T3	3	108530
434.22	0.0	T4	4	108555
434.32	0.0	T5	5	108580
434.42	0.0	T6	6	108605
434.52	0.0	T7	7	108630
434.62	0.0	T8	8	108655
434.72	0.0	T9	9	108680
434.82	0.0	T10	10	108705
434.92	0.0	T1	1	108730
435.02	0.0	T2	2	108755
435.12	0.0	T3	3	108780
435.22	0.0	T4	4	108805
435.32	0.0	T5	5	108830
435.42	0.0	T6	6	108855
435.52	0.0	T7	7	108880
435.62	0.0	T8	8	108905
435.72	0.0	T9	9	108930
435.82	0.0	T10	10	108955
435.92	0.0	T1	1	108980
436.02	0.0	T2	2	109005
436.12	0.0	T3	3	109030
436.22	0.0	T4	4	109055
436.32	0.0	T5	5	109080
436.424	0.0	T6	6	109106
436.52	0.0	T7	7	109130
436.62	0.0	T8	8	109155
436.72	0.0	T9	9	109180
436.82	0.0	T10	10	109205
436.92	0.0	T1	1	109230
437.02	0.0	T2	2	109255
437.12	0.0	T3	3	109280
437.22	0.0	T4	4	109305
437.32	0.0	T5	5	109330
437.42	0.0	T6	6	109355
437.52	0.0	T7	7	109380
437.62	0.0	T8	8	109405
437.72	0.0	T9	9	109430
437.82	0.0	T10	10	109455
437.92	0.0	T1	1	109480
438.02	0.0	T2	2	109505
438.12	0.0	T3	3	109530
438.22	0.0	T4	4	109555
438.32	0.0	T5	5	109580
438.42	0.0	T6	6	109605
438.52	0.0	T7	7	109630
438.62	0.0	T8	8	109655
438.72	0.0	T9	9	109680
438.82	0.0	T10	10	109705
438.92	0.0	T1	1	109730
439.02	0.0	T2	2	109755
439.12	0.0	T3	3	109780
439.22	0.0	T4	4	109805
439.32	0.0	T5	5	109830
439.42	0.0	T6	6	109855
439.52	0.0	T7	7	109880
439.62	0.0	T8	8	109905
439.72	0.0	T9	9	109930
439.82	0.0	T10	10	109955
439.92	0.0	T1	1	109980
440.02	0.0	T2	2	110005
440.12	0.0	T3	3	110030
440.22	0.0	T4	4	110055
440.32	0.0	T5	5	110080
440.42	0.0	T6	6	110105
440.52	0.0	T7	7	110130
440.62	0.0	T8	8	110155
440.724	0.0	T9	9	110181
440.82	0.0	T10	10	110205
440.92	0.0	T1	1	110230
441.02	0.0	T2	2	110255
441.12	0.0	T3	3	110280
441.22	0.0	T4	4	110305
441.32	0.0	T5	5	110330
441.42	0.0	T6	6	110355
441.52	0.0	T7	7	110380
441.62	0.0	T8	8	110405
441.72	0.0	T9	9	110430
441.82	0.0	T10	10	110455
441.92	0.0	T1	1	110480
442.02	0.0	T2	2	110505
442.12	0.0	T3	3	110530
442.22	0.0	T4	4	110555
442.32	0.0	T5	5	110580
442.42	0.0	T6	6	110605
442.52	0.0	T7	7	110630
442.62	0.0	T8	8	110655
442.72	0.0	T9	9	110680
442.82	0.0	T10	10	110705
442.92	0.0	T1	1	110730
443.02	0.0	T2	2	110755
443.12	0.0	T3	3	110780
443.22	0.0	T4	4	110805
443.32	0.0	T5	5	110830
443.42	0.0	T6	6	110855
443.52	0.0	T7	7	110880
443.62	0.0	T8	8	110905
443.72	0.0	T9	9	110930
443.82	0.0	T10	10	110955
443.92	0.0	T1	1	110980
444.02	0.0	T2	2	111005
444.12	0.0	T3	3	111030
444.22	0.0	T4	4	111055
444.32	0.0	T5	5	111080
444.42	0.0	T6	6	111105
444.524	0.0	T7	7	111131
444.62	0.0	T8	8	111155
444.72	0.0	T9	9	111180
444.82	0.0	T10	10	111205
444.92	0.0	T1	1	111230
445.02	0.0	T2	2	111255
445.12	0.0	T3	3	111280
445.22	0.0	T4	4	111305
445.32	0.0	T5	5	111330
445.42	0.0	T6	6	111355
445.52	0.0	T7	7	111380
445.62	0.0	T8	8	111405
445.72	0.0	T9	9	111430
445.82	0.0	T10	10	111455
445.92	0.0	T1	1	111480
446.02	0.0	T2	2	111505
446.12	0.0	T3	3	111530
446.22	0.0	T4	4	111555
446.32	0.0	T5	5	111580
446.42	0.0	T6	6	111605
446.52	0.0	T7	7	111630
446.62	0.0	T8	8	111655
446.72	0.0	T9	9	111680
446.82	0.0	T10	10	111705
446.92	0.0	T1	1	111730
447.02	0.0	T2	2	111755
447.12	0.0	T3	3	111780
447.22	0.0	T4	4	111805
447.32	0.0	T5	5	111830
447.42	0.0	T6	6	111855
447.52	0.0	T7	7	111880
447.62	0.0	T8	8	111905
447.72	0.0	T9	9	111930
447.82	0.0	T10	10	111955
447.92	0.0	T1	1	111980
448.02	0.0	T2	2	112005
448.12	0.0	T3	3	112030
448.22	0.0	T4	4	112055
448.32	0.0	T5	5	112080
448.42	0.0	T6	6	112105
448.52	0.0	T7	7	112130
448.62	0.0	T8	8	112155
448.72	0.0	T9	9	112180
448.82	0.0	T10	10	112205
448.92	0.0	T1	1	112230
449.02	0.0	T2	2	112255
449.12	0.0	T3	3	112280
449.22	0.0	T4	4	112305
449.32	0.0	T5	5	112330
449.42	0.0	T6	6	112355
449.52	0.0	T7	7	112380
449.62	0.0	T8	8	112405
449.72	0.0	T9	9	112430
449.82	0.0	T10	10	112455
449.92	0.0	T1	1	112480
450.024	0.0	T2	2	112506
450.12	0.0	T3	3	112530
450.22	0.0	T4	4	112555
450.32	0.0	T5	5	112580
450.42	0.0	T6	6	112605
450.52	0.0	T7	7	112630
450.62	0.0	T8	8	112655
450.72	0.0	T9	9	112680
450.82	0.0	T10	10	112705
450.92	0.0	T1	1	112730
451.02	0.0	T2	2	112755
451.12	0.0	T3	3	112780
451.22	0.0	T4	4	112805
451.32	0.0	T5	5	112830
451.42	0.0	T6	6	112855
451.52	0.0	T7	7	112880
451.62	0.0	T8	8	112905
451.72	0.0	T9	9	112930
451.82	0.0	T10	10	112955
451.92	0.0	T1	1	112980
452.02	0.0	T2	2	113005
452.12	0.0	T3	3	113030
452.22	0.0	T4	4	113055
452.32	0.0	T5	5	113080
452.42	0.0	T6	6	113105
452.52	0.0	T7	7	113130
452.62	0.0	T8	8	113155
452.72	0.0	T9	9	113180
452.82	0.0	T10	10	113205
452.92	0.0	T1	1	113230
453.02	0.0	T2	2	113255
453.12	0.0	T3	3	113280
453.22	0.0	T4	4	113305
453.32	0.0	T5	5	113330
453.42	0.0	T6	6	113355
453.52	0.0	T7	7	113380
453.62	0.0	T8	8	113405
453.72	0.0	T9	9	113430
453.82	0.0	T10	10	113455
453.92	0.0	T1	1	113480
454.02	0.0	T2	2	113505
454.12	0.0	T3	3	113530
454.22	0.0	T4	4	113555
454.32	0.0	T5	5	113580
454.424	0.0	T6	6	113606
454.52	0.0	T7	7	113630
454.62	0.0	T8	8	113655
454.724	0.0	T9	9	113681
454.82	0.0	T10	10	113705
454.92	0.0	T1	1	113730
455.024	0.0	T2	2	113756
455.12	0.0	T3	3	113780
455.22	0.0	T4	4	113805
455.32	0.0	T5	5	113830
455.42	0.0	T6	6	113855
455.52	0.0	T7	7	113880
455.62	0.0	T8	8	113905
455.72	0.0	T9	9	113930
455.824	0.0	T10	10	113956
455.92	0.0	T1	1	113980
456.02	0.0	T2	2	114005
456.124	0.0	T3	3	114031
456.22	0.0	T4	4	114055
456.324	0.0	T5	5	114081
456.424	0.0	T6	6	114106
456.52	0.0	T7	7	114130
456.624	0.0	T8	8	114156
456.724	0.0	T9	9	114181
456.824	0.0	T10	10	114206
456.924	0.0	T1	1	114231
457.024	0.0	T2	2	114256
457.124	0.0	T3	3	114281
457.224	0.0	T4	4	114306
457.324	0.0	T5	5	114331
457.424	0.0	T6	6	114356
457.524	0.0	T7	7	114381
457.624	0.0	T8	8	114406
457.724	0.0	T9	9	114431
457.824	0.0	T10	10	114456
457.924	0.0	T1	1	114481
458.024	0.0	T2	2	114506
458.124	0.0	T3	3	114531
458.224	0.0	T4	4	114556
458.324	0.0	T5	5	114581
458.424	0.0	T6	6	114606
458.524	0.0	T7	7	114631
458.624	0.0	T8	8	114656
458.724	0.0	T9	9	114681
458.824	0.0	T10	10	114706
458.924	0.0	T1	1	114731
459.024	0.0	T2	2	114756
459.124	0.0	T3	3	114781
459.224	0.0	T4	4	114806
459.324	0.0	T5	5	114831
459.424	0.0	T6	6	114856
459.524	0.0	T7	7	114881
459.624	0.0	T8	8	114906
459.724	0.0	T9	9	114931
459.824	0.0	T10	10	114956
459.924	0.0	T1	1	114981
460.024	0.0	T2	2	115006
460.124	0.0	T3	3	115031
460.224	0.0	T4	4	115056
460.324	0.0	T5	5	115081
460.424	0.0	T6	6	115106
460.524	0.0	T7	7	115131
460.624	0.0	T8	8	115156
460.724	0.0	T9	9	115181
460.824	0.0	T10	10	115206
460.924	0.0	T1	1	115231
461.024	0.0	T2	2	115256
461.124	0.0	T3	3	115281
461.224	0.0	T4	4	115306
461.324	0.0	T5	5	115331
461.424	0.0	T6	6	115356
461.524	0.0	T7	7	115381
461.624	0.0	T8	8	115406
461.724	0.0	T9	9	115431
461.824	0.0	T10	10	115456
461.924	0.0	T1	1	115481
462.024	0.0	T2	2	115506
462.124	0.0	T3	3	115531
462.224	0.0	T4	4	115556
462.324	0.0	T5	5	115581
462.424	0.0	T6	6	115606
462.524	0.0	T7	7	115631
462.624	0.0	T8	8	115656
462.724	0.0	T9	9	115681
462.824	0.0	T10	10	115706
462.924	0.0	T1	1	115731
463.024	0.0	T2	2	115756
463.124	0.0	T3	3	115781
463.224	0.0	T4	4	115806
463.324	0.0	T5	5	115831
463.424	0.0	T6	6	115856
463.524	0.0	T7	7	115881
463.624	0.0	T8	8	115906
463.724	0.0	T9	9	115931
463.824	0.0	T10	10	115956
463.924	0.0	T1	1	115981
464.024	0.0	T2	2	116006
464.124	0.0	T3	3	116031
464.224	0.0	T4	4	116056
464.324	0.0	T5	5	116081
464.424	0.0	T6	6	116106
464.524	0.0	T7	7	116131
464.624	0.0	T8	8	116156
464.724	0.0	T9	9	116181
464.824	0.0	T10	10	116206
464.924	0.0	T1	1	116231
465.024	0.0	T2	2	116256
465.124	0.0	T3	3	116281
465.224	0.0	T4	4	116306
465.324	0.0	T5	5	116331
465.424	0.0	T6	6	116356
465.524	0.0	T7	7	116381
465.624	0.0	T8	8	116406
465.724	0.0	T9	9	116431
465.824	0.0	T10	10	116456
465.924	0.0	T1	1	116481
466.024	0.0	T2	2	116506
466.124	0.0	T3	3	116531
466.224	0.0	T4	4	116556
466.324	0.0	T5	5	116581
466.424	0.0	T6	6	116606
466.524	0.0	T7	7	116631
466.624	0.0	T8	8	116656
466.724	0.0	T9	9	116681
466.824	0.0	T10	10	116706
466.924	0.0	T1	1	116731
467.024	0.0	T2	2	116756
467.124	0.0	T3	3	116781
467.224	0.0	T4	4	116806
467.324	0.0	T5	5	116831
467.424	0.0	T6	6	116856
467.524	0.0	T7	7	116881
467.624	0.0	T8	8	116906
467.724	0.0	T9	9	116931
467.824	0.0	T10	10	116956
467.924	0.0	T1	1	116981
468.024	0.0	T2	2	117006
468.124	0.0	T3	3	117031
468.224	0.0	T4	4	117056
468.324	0.0	T5	5	117081
468.424	0.0	T6	6	117106
468.524	0.0	T7	7	117131
468.624	0.0	T8	8	117156
468.724	0.0	T9	9	117181
468.824	0.0	T10	10	117206
468.924	0.0	T1	1	117231
469.024	0.0	T2	2	117256
469.124	0.0	T3	3	117281
469.224	0.0	T4	4	117306
469.324	0.0	T5	5	117331
469.424	0.0	T6	6	117356
469.524	0.0	T7	7	117381
469.624	0.0	T8	8	117406
469.724	0.0	T9	9	117431
469.824	0.0	T10	10	117456
469.924	0.0	T1	1	117481
470.024	0.0	T2	2	117506
470.124	0.0	T3	3	117531
470.224	0.0	T4	4	117556
470.324	0.0	T5	5	117581
470.424	0.0	T6	6	117606
470.524	0.0	T7	7	117631
470.624	0.0	T8	8	117656
470.724	0.0	T9	9	117681
470.824	0.0	T10	10	117706
470.924	0.0	T1	1	117731
471.024	0.0	T2	2	117756
471.124	0.0	T3	3	117781
471.224	0.0	T4	4	117806
471.324	0.0	T5	5	117831
471.424	0.0	T6	6	117856
471.524	0.0	T7	7	117881
471.624	0.0	T8	8	117906
471.724	0.0	T9	9	117931
471.824	0.0	T10	10	117956
471.924	0.0	T1	1	117981
472.024	0.0	T2	2	118006
472.124	0.0	T3	3	118031
472.224	0.0	T4	4	118056
472.324	0.0	T5	5	118081
472.424	0.0	T6	6	118106
472.524	0.0	T7	7	118131
472.624	0.0	T8	8	118156
472.724	0.0	T9	9	118181
472.824	0.0	T10	10	118206
472.924	0.0	T1	1	118231
473.024	0.0	T2	2	118256
473.124	0.0	T3	3	118281
473.224	0.0	T4	4	118306
473.324	0.0	T5	5	118331
473.424	0.0	T6	6	118356
473.524	0.0	T7	7	118381
473.624	0.0	T8	8	118406
473.724	0.0	T9	9	118431
473.824	0.0	T10	10	118456
473.924	0.0	T1	1	118481
474.024	0.0	T2	2	118506
474.124	0.0	T3	3	118531
474.224	0.0	T4	4	118556
474.324	0.0	T5	5	118581
474.424	0.0	T6	6	118606
474.524	0.0	T7	7	118631
474.624	0.0	T8	8	118656
474.724	0.0	T9	9	118681
474.824	0.0	T10	10	118706
474.924	0.0	T1	1	118731
475.024	0.0	T2	2	118756
475.124	0.0	T3	3	118781
475.224	0.0	T4	4	118806
475.324	0.0	T5	5	118831
475.424	0.0	T6	6	118856
475.524	0.0	T7	7	118881
475.624	0.0	T8	8	118906
475.724	0.0	T9	9	118931
475.824	0.0	T10	10	118956
475.924	0.0	T1	1	118981
476.024	0.0	T2	2	119006
476.124	0.0	T3	3	119031
476.224	0.0	T4	4	119056
476.324	0.0	T5	5	119081
476.424	0.0	T6	6	119106
476.524	0.0	T7	7	119131
476.624	0.0	T8	8	119156
476.724	0.0	T9	9	119181
476.824	0.0	T10	10	119206
476.924	0.0	T1	1	119231
477.024	0.0	T2	2	119256
477.124	0.0	T3	3	119281
477.224	0.0	T4	4	119306
477.324	0.0	T5	5	119331
477.424	0.0	T6	6	119356
477.524	0.0	T7	7	119381
477.624	0.0	T8	8	119406
477.728	0.0	T9	9	119432
477.824	0.0	T10	10	119456
477.924	0.0	T1	1	119481
478.024	0.0	T2	2	119506
478.124	0.0	T3	3	119531
478.224	0.0	T4	4	119556
478.328	0.0	T5	5	119582
478.424	0.0	T6	6	119606
478.524	0.0	T7	7	119631
478.624	0.0	T8	8	119656
478.724	0.0	T9	9	119681
478.824	0.0	T10	10	119706
478.924	0.0	T1	1	119731
479.024	0.0	T2	2	119756
479.124	0.0	T3	3	119781
479.224	0.0	T4	4	119806
479.324	0.0	T5	5	119831
479.424	0.0	T6	6	119856
479.524	0.0	T7	7	119881
479.624	0.0	T8	8	119906
479.724	0.0	T9	9	119931
479.824	0.0	T10	10	119956
479.924	0.0	T1	1	119981
480.024	0.0	T2	2	120006
480.124	0.0	T3	3	120031
480.224	0.0	T4	4	120056
480.324	0.0	T5	5	120081
480.424	0.0	T6	6	120106
480.524	0.0	T7	7	120131
480.628	0.0	T8	8	120157
480.724	0.0	T9	9	120181
480.824	0.0	T10	10	120206
480.924	0.0	T1	1	120231
481.024	0.0	T2	2	120256
481.124	0.0	T3	3	120281
481.224	0.0	T4	4	120306
481.324	0.0	T5	5	120331
481.424	0.0	T6	6	120356
481.524	0.0	T7	7	120381
481.624	0.0	T8	8	120406
481.724	0.0	T9	9	120431
481.824	0.0	T10	10	120456
481.924	0.0	T1	1	120481
482.024	0.0	T2	2	120506
482.124	0.0	T3	3	120531
482.224	0.0	T4	4	120556
482.324	0.0	T5	5	120581
482.424	0.0	T6	6	120606
482.524	0.0	T7	7	120631
482.624	0.0	T8	8	120656
482.724	0.0	T9	9	120681
482.824	0.0	T10	10	120706
482.924	0.0	T1	1	120731
483.024	0.0	T2	2	120756
483.124	0.0	T3	3	120781
483.224	0.0	T4	4	120806
483.324	0.0	T5	5	120831
483.424	0.0	T6	6	120856
483.524	0.0	T7	7	120881
483.624	0.0	T8	8	120906
483.724	0.0	T9	9	120931
483.824	0.0	T10	10	120956
483.924	0.0	T1	1	120981
484.024	0.0	T2	2	121006
484.124	0.0	T3	3	121031
484.224	0.0	T4	4	121056
484.324	0.0	T5	5	121081
484.424	0.0	T6	6	121106
484.524	0.0	T7	7	121131
484.624	0.0	T8	8	121156
484.724	0.0	T9	9	121181
484.824	0.0	T10	10	121206
484.924	0.0	T1	1	121231
485.024	0.0	T2	2	121256
485.124	0.0	T3	3	121281
485.224	0.0	T4	4	121306
485.324	0.0	T5	5	121331
485.424	0.0	T6	6	121356
485.524	0.0	T7	7	121381
485.624	0.0	T8	8	121406
485.724	0.0	T9	9	121431
485.824	0.0	T10	10	121456
485.924	0.0	T1	1	121481
486.024	0.0	T2	2	121506
486.124	0.0	T3	3	121531
486.224	0.0	T4	4	121556
486.324	0.0	T5	5	121581
486.424	0.0	T6	6	121606
486.524	0.0	T7	7	121631
486.624	0.0	T8	8	121656
486.724	0.0	T9	9	121681
486.824	0.0	T10	10	121706
486.924	0.0	T1	1	121731
487.024	0.0	T2	2	121756
487.124	0.0	T3	3	121781
487.224	0.0	T4	4	121806
487.324	0.0	T5	5	121831
487.424	0.0	T6	6	121856
487.524	0.0	T7	7	121881
487.624	0.0	T8	8	121906
487.724	0.0	T9	9	121931
487.824	0.0	T10	10	121956
487.924	0.0	T1	1	121981
488.024	0.0	T2	2	122006
488.124	0.0	T3	3	122031
488.224	0.0	T4	4	122056
488.324	0.0	T5	5	122081
488.424	0.0	T6	6	122106
488.524	0.0	T7	7	122131
488.624	0.0	T8	8	122156
488.724	0.0	T9	9	122181
488.824	0.0	T10	10	122206
488.924	0.0	T1	1	122231
489.024	0.0	T2	2	122256
489.124	0.0	T3	3	122281
489.224	0.0	T4	4	122306
489.324	0.0	T5	5	122331
489.428	0.0	T6	6	122357
489.524	0.0	T7	7	122381
489.624	0.0	T8	8	122406
489.724	0.0	T9	9	122431
489.824	0.0	T10	10	122456
489.924	0.0	T1	1	122481
490.024	0.0	T2	2	122506
490.124	0.0	T3	3	122531
490.224	0.0	T4	4	122556
490.324	0.0	T5	5	122581
490.424	0.0	T6	6	122606
490.524	0.0	T7	7	122631
490.624	0.0	T8	8	122656
490.724	0.0	T9	9	122681
490.824	0.0	T10	10	122706
490.924	0.0	T1	1	122731
491.024	0.0	T2	2	122756
491.124	0.0	T3	3	122781
491.224	0.0	T4	4	122806
491.324	0.0	T5	5	122831
491.424	0.0	T6	6	122856
491.524	0.0	T7	7	122881
491.624	0.0	T8	8	122906
491.724	0.0	T9	9	122931
491.824	0.0	T10	10	122956
491.924	0.0	T1	1	122981
492.024	0.0	T2	2	123006
492.124	0.0	T3	3	123031
492.224	0.0	T4	4	123056
492.324	0.0	T5	5	123081
492.424	0.0	T6	6	123106
492.524	0.0	T7	7	123131
492.624	0.0	T8	8	123156
492.724	0.0	T9	9	123181
492.824	0.0	T10	10	123206
492.924	0.0	T1	1	123231
493.024	0.0	T2	2	123256
493.124	0.0	T3	3	123281
493.224	0.0	T4	4	123306
493.324	0.0	T5	5	123331
493.424	0.0	T6	6	123356
493.524	0.0	T7	7	123381
493.624	0.0	T8	8	123406
493.724	0.0	T9	9	123431
493.824	0.0	T10	10	123456
493.924	0.0	T1	1	123481
494.024	0.0	T2	2	123506
494.124	0.0	T3	3	123531
494.228	0.0	T4	4	123557
494.324	0.0	T5	5	123581
494.424	0.0	T6	6	123606
494.524	0.0	T7	7	123631
494.624	0.0	T8	8	123656
494.724	0.0	T9	9	123681
494.828	0.0	T10	10	123707
494.924	0.0	T1	1	123731
495.024	0.0	T2	2	123756
495.124	0.0	T3	3	123781
495.224	0.0	T4	4	123806
495.324	0.0	T5	5	123831
495.424	0.0	T6	6	123856
495.524	0.0	T7	7	123881
495.624	0.0	T8	8	123906
495.724	0.0	T9	9	123931
495.824	0.0	T10	10	123956
495.924	0.0	T1	1	123981
496.024	0.0	T2	2	124006
496.124	0.0	T3	3	124031
496.224	0.0	T4	4	124056
496.324	0.0	T5	5	124081
496.424	0.0	T6	6	124106
496.524	0.0	T7	7	124131
496.624	0.0	T8	8	124156
496.724	0.0	T9	9	124181
496.824	0.0	T10	10	124206
496.924	0.0	T1	1	124231
497.024	0.0	T2	2	124256
497.124	0.0	T3	3	124281
497.224	0.0	T4	4	124306
497.324	0.0	T5	5	124331
497.424	0.0	T6	6	124356
497.524	0.0	T7	7	124381
497.624	0.0	T8	8	124406
497.724	0.0	T9	9	124431
497.824	0.0	T10	10	124456
497.924	0.0	T1	1	124481
498.024	0.0	T2	2	124506
498.124	0.0	T3	3	124531
498.224	0.0	T4	4	124556
498.324	0.0	T5	5	124581
498.424	0.0	T6	6	124606
498.524	0.0	T7	7	124631
498.624	0.0	T8	8	124656
498.724	0.0	T9	9	124681
498.824	0.0	T10	10	124706
498.924	0.0	T1	1	124731
499.024	0.0	T2	2	124756
499.124	0.0	T3	3	124781
499.224	0.0	T4	4	124806
499.324	0.0	T5	5	124831
499.424	0.0	T6	6	124856
499.524	0.0	T7	7	124881
499.624	0.0	T8	8	124906
499.724	0.0	T9	9	124931
499.824	0.0	T10	10	124956
499.924	0.0	T1	1	124981
500.024	0.0	T2	2	125006
500.124	0.0	T3	3	125031
500.228	0.0	T4	4	125057
500.324	0.0	T5	5	125081
500.424	0.0	T6	6	125106
500.528	0.0	T7	7	125132
500.624	0.0	T8	8	125156
500.724	0.0	T9	9	125181
500.824	0.0	T10	10	125206
500.924	0.0	T1	1	125231
501.024	0.0	T2	2	125256
501.124	0.0	T3	3	125281
501.224	0.0	T4	4	125306
501.324	0.0	T5	5	125331
501.424	0.0	T6	6	125356
501.528	0.0	T7	7	125382
501.628	0.0	T8	8	125407
501.728	0.0	T9	9	125432
501.828	0.0	T10	10	125457
501.928	0.0	T1	1	125482
502.028	0.0	T2	2	125507
502.128	0.0	T3	3	125532
502.228	0.0	T4	4	125557
502.328	0.0	T5	5	125582
502.424	0.0	T6	6	125606
502.528	0.0	T7	7	125632
502.628	0.0	T8	8	125657
502.724	0.0	T9	9	125681
502.824	0.0	T10	10	125706
502.924	0.0	T1	1	125731
503.028	0.0	T2	2	125757
503.128	0.0	T3	3	125782
503.228	0.0	T4	4	125807
503.324	0.0	T5	5	125831
503.428	0.0	T6	6	125857
503.524	0.0	T7	7	125881
503.628	0.0	T8	8	125907
503.728	0.0	T9	9	125932
503.828	0.0	T10	10	125957
503.928	0.0	T1	1	125982
504.028	0.0	T2	2	126007
504.128	0.0	T3	3	126032
504.228	0.0	T4	4	126057
504.328	0.0	T5	5	126082
504.428	0.0	T6	6	126107
504.528	0.0	T7	7	126132
504.628	0.0	T8	8	126157
504.728	0.0	T9	9	126182
504.828	0.0	T10	10	126207
504.928	0.0	T1	1	126232
505.028	0.0	T2	2	126257
505.128	0.0	T3	3	126282
505.228	0.0	T4	4	126307
505.328	0.0	T5	5	126332
505.428	0.0	T6	6	126357
505.528	0.0	T7	7	126382
505.628	0.0	T8	8	126407
505.728	0.0	T9	9	126432
505.828	0.0	T10	10	126457
505.928	0.0	T1	1	126482
506.028	0.0	T2	2	126507
506.128	0.0	T3	3	126532
506.228	0.0	T4	4	126557
506.328	0.0	T5	5	126582
506.428	0.0	T6	6	126607
506.528	0.0	T7	7	126632
506.624	0.0	T8	8	126656
506.724	0.0	T9	9	126681
506.828	0.0	T10	10	126707
506.928	0.0	T1	1	126732
507.028	0.0	T2	2	126757
507.128	0.0	T3	3	126782
507.228	0.0	T4	4	126807
507.328	0.0	T5	5	126832
507.428	0.0	T6	6	126857
507.528	0.0	T7	7	126882
507.628	0.0	T8	8	126907
507.724	0.0	T9	9	126931
507.824	0.0	T10	10	126956
507.924	0.0	T1	1	126981
508.028	0.0	T2	2	127007
508.128	0.0	T3	3	127032
508.228	0.0	T4	4	127057
508.328	0.0	T5	5	127082
508.428	0.0	T6	6	127107
508.528	0.0	T7	7	127132
508.628	0.0	T8	8	127157
508.724	0.0	T9	9	127181
508.824	0.0	T10	10	127206
508.928	0.0	T1	1	127232
509.028	0.0	T2	2	127257
509.128	0.0	T3	3	127282
509.228	0.0	T4	4	127307
509.328	0.0	T5	5	127332
509.428	0.0	T6	6	127357
509.528	0.0	T7	7	127382
509.624	0.0	T8	8	127406
509.728	0.0	T9	9	127432
509.824	0.0	T10	10	127456
509.924	0.0	T1	1	127481
510.028	0.0	T2	2	127507
510.124	0.0	T3	3	127531
510.228	0.0	T4	4	127557
510.324	0.0	T5	5	127581
510.428	0.0	T6	6	127607
510.528	0.0	T7	7	127632
510.628	0.0	T8	8	127657
510.724	0.0	T9	9	127681
510.828	0.0	T10	10	127707
510.924	0.0	T1	1	127731
511.024	0.0	T2	2	127756
511.124	0.0	T3	3	127781
511.224	0.0	T4	4	127806
511.328	0.0	T5	5	127832
511.428	0.0	T6	6	127857
511.528	0.0	T7	7	127882
511.628	0.0	T8	8	127907
511.724	0.0	T9	9	127931
511.828	0.0	T10	10	127957
511.928	0.0	T1	1	127982
512.028	0.0	T2	2	128007
512.128	0.0	T3	3	128032
512.224	0.0	T4	4	128056
512.328	0.0	T5	5	128082
512.428	0.0	T6	6	128107
512.524	0.0	T7	7	128131
512.628	0.0	T8	8	128157
512.728	0.0	T9	9	128182
512.828	0.0	T10	10	128207
512.928	0.0	T1	1	128232
513.028	0.0	T2	2	128257
513.124	0.0	T3	3	128281
513.228	0.0	T4	4	128307
513.328	0.0	T5	5	128332
513.428	0.0	T6	6	128357
513.528	0.0	T7	7	128382
513.628	0.0	T8	8	128407
513.728	0.0	T9	9	128432
513.828	0.0	T10	10	128457
513.928	0.0	T1	1	128482
514.028	0.0	T2	2	128507
514.128	0.0	T3	3	128532
514.228	0.0	T4	4	128557
514.328	0.0	T5	5	128582
514.428	0.0	T6	6	128607
514.528	0.0	T7	7	128632
514.628	0.0	T8	8	128657
514.728	0.0	T9	9	128682
514.828	0.0	T10	10	128707
514.928	0.0	T1	1	128732
515.028	0.0	T2	2	128757
515.128	0.0	T3	3	128782
515.228	0.0	T4	4	128807
515.328	0.0	T5	5	128832
515.428	0.0	T6	6	128857
515.528	0.0	T7	7	128882
515.628	0.0	T8	8	128907
515.728	0.0	T9	9	128932
515.828	0.0	T10	10	128957
515.928	0.0	T1	1	128982
516.028	0.0	T2	2	129007
516.128	0.0	T3	3	129032
516.228	0.0	T4	4	129057
516.328	0.0	T5	5	129082
516.428	0.0	T6	6	129107
516.528	0.0	T7	7	129132
516.628	0.0	T8	8	129157
516.728	0.0	T9	9	129182
516.828	0.0	T10	10	129207
516.928	0.0	T1	1	129232
517.028	0.0	T2	2	129257
517.128	0.0	T3	3	129282
517.228	0.0	T4	4	129307
517.328	0.0	T5	5	129332
517.428	0.0	T6	6	129357
517.528	0.0	T7	7	129382
517.628	0.0	T8	8	129407
517.728	0.0	T9	9	129432
517.828	0.0	T10	10	129457
517.928	0.0	T1	1	129482
518.028	0.0	T2	2	129507
518.128	0.0	T3	3	129532
518.228	0.0	T4	4	129557
518.328	0.0	T5	5	129582
518.428	0.0	T6	6	129607
518.528	0.0	T7	7	129632
518.628	0.0	T8	8	129657
518.728	0.0	T9	9	129682
518.828	0.0	T10	10	129707
518.928	0.0	T1	1	129732
519.028	0.0	T2	2	129757
519.128	0.0	T3	3	129782
519.228	0.0	T4	4	129807
519.328	0.0	T5	5	129832
519.428	0.0	T6	6	129857
519.528	0.0	T7	7	129882
519.628	0.0	T8	8	129907
519.728	0.0	T9	9	129932
519.828	0.0	T10	10	129957
519.928	0.0	T1	1	129982
520.028	0.0	T2	2	130007
520.128	0.0	T3	3	130032
520.228	0.0	T4	4	130057
520.328	0.0	T5	5	130082
520.428	0.0	T6	6	130107
520.528	0.0	T7	7	130132
520.628	0.0	T8	8	130157
520.728	0.0	T9	9	130182
520.828	0.0	T10	10	130207
520.928	0.0	T1	1	130232
521.028	0.0	T2	2	130257
521.128	0.0	T3	3	130282
521.228	0.0	T4	4	130307
521.328	0.0	T5	5	130332
521.428	0.0	T6	6	130357
521.528	0.0	T7	7	130382
521.628	0.0	T8	8	130407
521.728	0.0	T9	9	130432
521.828	0.0	T10	10	130457
521.928	0.0	T1	1	130482
522.028	0.0	T2	2	130507
522.128	0.0	T3	3	130532
522.228	0.0	T4	4	130557
522.328	0.0	T5	5	130582
